-- MySQL dump 10.13  Distrib 5.7.23, for Linux (x86_64)
--
-- Host: localhost    Database: coep
-- ------------------------------------------------------
-- Server version	5.7.23-0ubuntu0.18.04.1

/*!40101 SET @OLD_CHARACTER_SET_CLIENT=@@CHARACTER_SET_CLIENT */;
/*!40101 SET @OLD_CHARACTER_SET_RESULTS=@@CHARACTER_SET_RESULTS */;
/*!40101 SET @OLD_COLLATION_CONNECTION=@@COLLATION_CONNECTION */;
/*!40101 SET NAMES utf8 */;
/*!40103 SET @OLD_TIME_ZONE=@@TIME_ZONE */;
/*!40103 SET TIME_ZONE='+00:00' */;
/*!40014 SET @OLD_UNIQUE_CHECKS=@@UNIQUE_CHECKS, UNIQUE_CHECKS=0 */;
/*!40014 SET @OLD_FOREIGN_KEY_CHECKS=@@FOREIGN_KEY_CHECKS, FOREIGN_KEY_CHECKS=0 */;
/*!40101 SET @OLD_SQL_MODE=@@SQL_MODE, SQL_MODE='NO_AUTO_VALUE_ON_ZERO' */;
/*!40111 SET @OLD_SQL_NOTES=@@SQL_NOTES, SQL_NOTES=0 */;

--
-- Table structure for table `COEP_HOSTEL`
--

DROP TABLE IF EXISTS `COEP_HOSTEL`;
/*!40101 SET @saved_cs_client     = @@character_set_client */;
/*!40101 SET character_set_client = utf8 */;
CREATE TABLE `COEP_HOSTEL` (
  `ID` int(11) NOT NULL AUTO_INCREMENT,
  `C_ID` varchar(7) NOT NULL,
  `NAME` varchar(25) NOT NULL,
  `GENDER` varchar(10) NOT NULL,
  `CATEGORY` varchar(15) NOT NULL,
  `EMAIL` varchar(50) NOT NULL,
  `PHONE_NO` bigint(11) NOT NULL,
  `BRANCH` varchar(20) NOT NULL,
  `DISTRICT` varchar(25) NOT NULL,
  `YEAR` varchar(15) NOT NULL,
  `CET` int(3) NOT NULL,
  `CGPA` float NOT NULL,
  PRIMARY KEY (`ID`),
  UNIQUE KEY `C_ID` (`C_ID`)
) ENGINE=InnoDB AUTO_INCREMENT=801 DEFAULT CHARSET=latin1;
/*!40101 SET character_set_client = @saved_cs_client */;

--
-- Dumping data for table `COEP_HOSTEL`
--

LOCK TABLES `COEP_HOSTEL` WRITE;
/*!40000 ALTER TABLE `COEP_HOSTEL` DISABLE KEYS */;
INSERT INTO `COEP_HOSTEL` VALUES (401,'1116708','quas','FEMALE','OPEN','monroe64@example.org',4577520481,'PLANNING','LATUR','FE',189,0),(402,'1116922','eum','FEMALE','MINORITY','little.jeff@example.net',3308918231,'PLANNING','OSMNABAD','SE',0,7.99),(403,'1116860','amet','FEMALE','MINORITY','noemy88@example.org',5331818962,'COMP','NASHIK','BE',0,9.64),(404,'1116366','sit','MALE','OBC','stewart.lubowitz@example.',1894145500,'IT','OSMNABAD','BE',0,5.28),(405,'1116816','sit','MALE','OPEN','danyka02@example.net',9497535183,'MECH','SOLAPUR','SE',0,9.4),(406,'1116454','esse','MALE','MINORITY','lakin.mattie@example.net',1800335922,'IT','LATUR','SE',0,5.59),(407,'1116316','ut','FEMALE','OBC','eleanore97@example.net',7041016817,'PLANNING','SOLAPUR','BE',0,5.49),(408,'1116518','eveniet','FEMALE','OPEN','ihettinger@example.org',9784560468,'IT','SOLAPUR','FE',104,0),(409,'1116190','et','MALE','MINORITY','west.london@example.com',2887113359,'PLANNING','OSMNABAD','TE',0,5.74),(410,'1116250','dolore','MALE','MINORITY','betsy.howe@example.org',5532779366,'MECH','LATUR','TE',0,6.92),(411,'1116291','laudantium','MALE','MINORITY','omuller@example.org',6547897900,'COMP','LATUR','TE',0,5.13),(412,'1116434','eum','FEMALE','OPEN','shirley.bradtke@example.c',7665867246,'PLANNING','NASHIK','FE',198,0),(413,'1116586','ab','FEMALE','OBC','chanel00@example.net',9773335208,'PLANNING','LATUR','FE',185,0),(414,'1116655','veniam','FEMALE','OPEN','jrau@example.net',5828749318,'COMP','NASHIK','TE',0,8.59),(415,'1116810','quidem','MALE','MINORITY','donnell.nicolas@example.o',9463162538,'IT','NASHIK','BE',0,5.52),(416,'1116795','ullam','MALE','OBC','obie35@example.org',8538570420,'PLANNING','SOLAPUR','FE',152,0),(417,'1116695','voluptas','MALE','MINORITY','ygutkowski@example.org',4957513490,'MECH','SOLAPUR','SE',0,7.64),(418,'1116557','voluptas','MALE','OBC','efisher@example.com',6401122071,'PLANNING','LATUR','TE',0,6.58),(419,'1116485','quos','FEMALE','MINORITY','leta.king@example.com',7254941388,'PLANNING','NASHIK','TE',0,6.05),(420,'1116802','beatae','FEMALE','OBC','zkessler@example.org',6879613701,'PLANNING','SOLAPUR','TE',0,7.35),(421,'1116935','eum','MALE','OPEN','estell.kunde@example.com',3108041584,'COMP','OSMNABAD','FE',154,0),(422,'1116747','eos','FEMALE','MINORITY','jettie46@example.org',5736293341,'IT','LATUR','SE',0,6.24),(423,'1116319','omnis','MALE','OBC','marks.rey@example.org',2572213075,'COMP','SOLAPUR','TE',0,6.89),(424,'1116306','sit','MALE','OPEN','beahan.jaime@example.org',8695778685,'PLANNING','LATUR','BE',0,8.11),(425,'1116756','quam','FEMALE','OBC','irobel@example.com',9398361684,'IT','OSMNABAD','BE',0,8.09),(426,'1116944','error','MALE','OPEN','fmarks@example.net',4596878054,'MECH','NASHIK','SE',0,7.62),(427,'1116413','expedita','FEMALE','MINORITY','norene78@example.net',9912130576,'IT','LATUR','BE',0,7.9),(428,'1116638','perspiciatis','FEMALE','OPEN','awintheiser@example.org',5616044882,'IT','NASHIK','TE',0,8.14),(429,'1116933','nihil','FEMALE','OBC','marlon38@example.net',3736569790,'IT','OSMNABAD','BE',0,8.1),(430,'1116181','sit','MALE','OBC','frohan@example.org',2206059292,'MECH','NASHIK','TE',0,6.94),(431,'1116154','quaerat','MALE','OPEN','titus.langworth@example.o',6943672787,'IT','LATUR','SE',0,9.41),(432,'1116177','molestiae','MALE','OPEN','mharvey@example.net',3889986491,'COMP','LATUR','FE',156,0),(433,'1116743','vel','FEMALE','OBC','lexus.altenwerth@example.',8571181947,'PLANNING','OSMNABAD','FE',158,0),(434,'1116373','rerum','MALE','OPEN','douglas.ena@example.org',3263597409,'MECH','SOLAPUR','SE',0,8.88),(435,'1116305','consequatur','FEMALE','MINORITY','stanton.kurtis@example.or',3691451719,'PLANNING','SOLAPUR','FE',115,0),(436,'1116674','maxime','MALE','MINORITY','sdietrich@example.org',3996464175,'COMP','NASHIK','SE',0,9.31),(437,'1116788','voluptas','MALE','MINORITY','savannah.wuckert@example.',4805293641,'PLANNING','SOLAPUR','SE',0,8.44),(438,'1116608','ut','MALE','MINORITY','fhammes@example.org',8806017678,'MECH','NASHIK','TE',0,5.64),(439,'1116913','quia','MALE','OBC','gmclaughlin@example.org',1156583184,'IT','OSMNABAD','SE',0,5.89),(440,'1116887','nihil','MALE','OBC','jnicolas@example.net',7563713383,'COMP','SOLAPUR','BE',0,9.74),(441,'1116465','dolor','MALE','MINORITY','eugenia.rogahn@example.or',1749292293,'PLANNING','LATUR','SE',0,6.68),(442,'1116554','et','FEMALE','OPEN','aschowalter@example.org',4528260905,'IT','SOLAPUR','BE',0,9.15),(443,'1116683','sed','FEMALE','MINORITY','predovic.guadalupe@exampl',9324987948,'MECH','OSMNABAD','FE',169,0),(444,'1116189','necessitatibus','FEMALE','OPEN','rjacobson@example.org',1522970671,'IT','NASHIK','BE',0,6.1),(445,'1116843','accusantium','FEMALE','OPEN','bernie.bartoletti@example',7214223547,'MECH','SOLAPUR','SE',0,9.22),(446,'1116421','quibusdam','FEMALE','MINORITY','bethel28@example.org',2572039365,'IT','NASHIK','TE',0,6.3),(447,'1116834','beatae','MALE','OPEN','melvin97@example.com',5584622261,'IT','NASHIK','SE',0,8.19),(448,'1116791','ex','MALE','MINORITY','pearline.grady@example.or',4379346453,'COMP','NASHIK','BE',0,5.12),(449,'1116558','quis','MALE','OPEN','sibyl66@example.org',6789069630,'PLANNING','LATUR','TE',0,6.42),(450,'1116535','cupiditate','MALE','MINORITY','estevan97@example.com',8571280663,'PLANNING','LATUR','TE',0,5.78),(451,'1116615','impedit','FEMALE','OBC','ronny42@example.net',6856180984,'IT','OSMNABAD','SE',0,5.61),(452,'1116501','ea','MALE','OBC','chyna.davis@example.org',6739281105,'COMP','OSMNABAD','FE',192,0),(453,'1116191','ratione','FEMALE','OBC','emiliano61@example.org',8373909489,'COMP','LATUR','BE',0,6.07),(454,'1116302','et','FEMALE','OBC','haley.elias@example.net',9143237103,'PLANNING','SOLAPUR','BE',0,5.86),(455,'1116369','est','MALE','OBC','hulda60@example.org',6201970192,'COMP','LATUR','TE',0,5.33),(456,'1116842','quisquam','FEMALE','MINORITY','anolan@example.net',5047185785,'MECH','NASHIK','FE',184,0),(457,'1116352','non','MALE','MINORITY','sophia05@example.com',8867331039,'IT','LATUR','FE',125,0),(458,'1116912','accusamus','FEMALE','OPEN','xbatz@example.org',8188370068,'MECH','NASHIK','SE',0,9.75),(459,'1116852','soluta','FEMALE','OPEN','qlarson@example.org',8580302235,'COMP','OSMNABAD','TE',0,8.75),(460,'1116640','saepe','FEMALE','OBC','lblanda@example.com',2179577702,'COMP','SOLAPUR','TE',0,8.85),(461,'1116677','nesciunt','FEMALE','OBC','holly.leffler@example.net',5413523891,'COMP','LATUR','BE',0,8.18),(462,'1116651','nostrum','FEMALE','MINORITY','steuber.lilliana@example.',7492542084,'PLANNING','NASHIK','TE',0,5.67),(463,'1116735','ut','FEMALE','OPEN','toy.gisselle@example.org',3936972220,'PLANNING','OSMNABAD','SE',0,8.54),(464,'1116637','ex','MALE','OBC','goyette.gabe@example.org',5526596949,'COMP','LATUR','FE',172,0),(465,'1116943','qui','FEMALE','MINORITY','lily.murphy@example.org',9693733776,'PLANNING','LATUR','BE',0,5.29),(466,'1116716','voluptatem','MALE','MINORITY','trobel@example.net',4148749324,'COMP','OSMNABAD','TE',0,8.46),(467,'1116807','ipsum','MALE','OPEN','ed24@example.org',3367011493,'COMP','LATUR','FE',175,0),(468,'1116732','explicabo','MALE','MINORITY','purdy.jaqueline@example.o',2486882288,'IT','SOLAPUR','FE',176,0),(469,'1116276','magnam','FEMALE','OPEN','bebert@example.org',4695032801,'PLANNING','LATUR','BE',0,5.81),(470,'1116480','soluta','MALE','OPEN','wintheiser.kaya@example.c',6258051109,'PLANNING','NASHIK','TE',0,7.35),(471,'1116157','debitis','FEMALE','OPEN','adolfo81@example.com',8099191408,'PLANNING','LATUR','TE',0,9.09),(472,'1116824','ipsa','MALE','OBC','kub.presley@example.org',5086059868,'COMP','SOLAPUR','SE',0,8.22),(473,'1116566','nobis','FEMALE','OBC','scarlett.bernier@example.',1748579839,'PLANNING','SOLAPUR','TE',0,5.28),(474,'1116915','sequi','FEMALE','OBC','mertz.waylon@example.com',8436888137,'IT','OSMNABAD','SE',0,9.73),(475,'1116282','officia','FEMALE','OPEN','bertrand.carroll@example.',7880031511,'PLANNING','NASHIK','BE',0,5.61),(476,'1116168','in','MALE','OBC','emmerich.destinee@example',2281425686,'PLANNING','NASHIK','TE',0,8.54),(477,'1116317','ad','FEMALE','MINORITY','eve87@example.com',1285268333,'PLANNING','LATUR','FE',147,0),(478,'1116431','ut','MALE','OPEN','ykuphal@example.net',3330323501,'COMP','LATUR','SE',0,9.47),(479,'1116506','et','FEMALE','MINORITY','o\'conner.clementine@examp',1638202865,'COMP','OSMNABAD','SE',0,8.14),(480,'1116433','et','FEMALE','OPEN','sipes.brycen@example.net',7969991837,'IT','OSMNABAD','BE',0,9.66),(481,'1116337','sunt','FEMALE','OPEN','horace.torphy@example.net',8992801279,'PLANNING','LATUR','TE',0,9.69),(482,'1116212','deserunt','FEMALE','MINORITY','cora.lowe@example.org',1901896492,'COMP','LATUR','TE',0,7.91),(483,'1116195','quis','MALE','MINORITY','brionna26@example.org',3906146354,'MECH','SOLAPUR','TE',0,8.13),(484,'1116457','nobis','FEMALE','MINORITY','cschultz@example.org',3915750893,'PLANNING','OSMNABAD','BE',0,7.66),(485,'1116344','nihil','MALE','MINORITY','jalyn94@example.net',1227716207,'PLANNING','SOLAPUR','TE',0,5),(486,'1116207','placeat','MALE','OBC','salma.ritchie@example.org',8257777550,'COMP','OSMNABAD','TE',0,9.66),(487,'1116712','dignissimos','FEMALE','OBC','kristofer86@example.org',4240510575,'IT','OSMNABAD','SE',0,8.92),(488,'1116620','et','MALE','OBC','kling.ryann@example.com',4852932020,'COMP','OSMNABAD','FE',106,0),(489,'1116714','eum','MALE','OBC','runolfsdottir.marilyne@ex',3705693176,'IT','NASHIK','BE',0,6.19),(490,'1116474','accusamus','MALE','OBC','lschuppe@example.com',2311143461,'MECH','OSMNABAD','BE',0,8.65),(491,'1116517','cumque','FEMALE','MINORITY','doyle.nedra@example.com',8442306833,'MECH','NASHIK','FE',176,0),(492,'1116885','animi','MALE','OBC','kailey.adams@example.com',2317037044,'IT','LATUR','SE',0,7.15),(493,'1116581','aut','MALE','OBC','ari.romaguera@example.org',9579693451,'MECH','NASHIK','TE',0,8.33),(494,'1116188','veritatis','FEMALE','MINORITY','ewhite@example.net',3323153327,'PLANNING','OSMNABAD','SE',0,7.98),(495,'1116496','qui','MALE','MINORITY','kuhn.noemi@example.org',8391331678,'COMP','LATUR','FE',133,0),(496,'1116642','aut','MALE','OPEN','antonina18@example.org',2531127201,'COMP','SOLAPUR','SE',0,6.61),(497,'1116722','dolores','FEMALE','OBC','rodrigo80@example.net',6224520889,'PLANNING','LATUR','TE',0,5.76),(498,'1116345','molestias','FEMALE','OBC','adah.gerhold@example.com',9452993658,'COMP','LATUR','TE',0,7.67),(499,'1116847','inventore','FEMALE','OBC','vmedhurst@example.net',8078378476,'IT','LATUR','TE',0,5.73),(500,'1116432','occaecati','FEMALE','OPEN','wrobel@example.net',2891141693,'IT','NASHIK','FE',173,0),(501,'1116720','omnis','FEMALE','OBC','cronin.timmothy@example.c',6218512008,'PLANNING','OSMNABAD','TE',0,6.2),(502,'1116443','facilis','MALE','OBC','hmitchell@example.net',4406198329,'MECH','LATUR','TE',0,7.29),(503,'1116623','veniam','FEMALE','MINORITY','dwalter@example.org',3070442577,'MECH','OSMNABAD','FE',117,0),(504,'1116394','unde','MALE','OPEN','ghagenes@example.org',7126078324,'MECH','NASHIK','SE',0,5.06),(505,'1116845','consectetur','FEMALE','OPEN','lonny.feest@example.com',7565667947,'PLANNING','LATUR','TE',0,6.05),(506,'1116849','neque','MALE','MINORITY','kade.reynolds@example.org',8128910896,'IT','NASHIK','BE',0,6.97),(507,'1116267','aut','MALE','OPEN','ron.brown@example.net',4800638709,'COMP','SOLAPUR','TE',0,9.16),(508,'1116217','minus','MALE','OBC','mcclure.maximo@example.co',9992279907,'COMP','OSMNABAD','BE',0,9.56),(509,'1116445','mollitia','FEMALE','MINORITY','turcotte.graciela@example',3066111521,'PLANNING','OSMNABAD','FE',188,0),(510,'1116703','cumque','FEMALE','MINORITY','haley.diamond@example.com',1604195998,'COMP','NASHIK','FE',188,0),(511,'1116458','quas','FEMALE','OPEN','jaleel.gulgowski@example.',4624143826,'COMP','OSMNABAD','SE',0,6.41),(512,'1116863','labore','FEMALE','OBC','hartmann.leland@example.c',7388158349,'COMP','SOLAPUR','TE',0,6.11),(513,'1116875','porro','FEMALE','OPEN','berry60@example.net',5017002063,'IT','SOLAPUR','TE',0,9.15),(514,'1116856','ut','MALE','MINORITY','osborne.cassin@example.ne',5087058241,'PLANNING','LATUR','BE',0,5.98),(515,'1116380','perferendis','MALE','OPEN','abe90@example.net',1446132432,'PLANNING','NASHIK','BE',0,6.63),(516,'1116673','accusantium','MALE','OBC','hills.ashlee@example.net',7734965951,'IT','OSMNABAD','FE',108,0),(517,'1116423','nihil','FEMALE','OPEN','fstanton@example.org',1140094498,'MECH','LATUR','SE',0,8.09),(518,'1116629','voluptatem','FEMALE','MINORITY','antonetta93@example.org',4395870131,'PLANNING','NASHIK','TE',0,8.05),(519,'1116439','deleniti','MALE','OPEN','clinton.langosh@example.o',3902163348,'COMP','NASHIK','FE',181,0),(520,'1116697','laudantium','MALE','OPEN','angela88@example.com',5235628717,'PLANNING','LATUR','FE',122,0),(521,'1116737','laudantium','MALE','OPEN','aracely.boehm@example.com',9095235160,'PLANNING','SOLAPUR','TE',0,8.22),(522,'1116296','dolores','MALE','MINORITY','scot.mayer@example.net',3278745503,'MECH','NASHIK','BE',0,6.51),(523,'1116161','quod','FEMALE','OPEN','psatterfield@example.org',3874855430,'PLANNING','OSMNABAD','FE',158,0),(524,'1116769','mollitia','FEMALE','OBC','lillian95@example.org',5236454047,'COMP','OSMNABAD','FE',120,0),(525,'1116707','maxime','MALE','OBC','turcotte.georgianna@examp',7096675332,'COMP','LATUR','SE',0,6.4),(526,'1116379','eaque','FEMALE','OPEN','tgorczany@example.org',8762640522,'IT','SOLAPUR','SE',0,9.17),(527,'1116594','voluptates','FEMALE','OPEN','roob.tabitha@example.org',1797723347,'PLANNING','OSMNABAD','FE',150,0),(528,'1116378','sequi','MALE','OBC','tito73@example.com',5130623934,'PLANNING','OSMNABAD','TE',0,6.43),(529,'1116600','saepe','FEMALE','OPEN','annie.johnston@example.ne',4495688933,'PLANNING','LATUR','TE',0,8.35),(530,'1116939','repellendus','FEMALE','OPEN','tyrese.fisher@example.com',5650784737,'IT','NASHIK','TE',0,6.24),(531,'1116389','mollitia','FEMALE','OPEN','kay24@example.com',2988291192,'PLANNING','SOLAPUR','BE',0,6.2),(532,'1116223','amet','FEMALE','MINORITY','o\'connell.adaline@example',3302748985,'PLANNING','SOLAPUR','SE',0,9.65),(533,'1116621','nesciunt','MALE','OBC','batz.leora@example.com',1165436684,'COMP','OSMNABAD','TE',0,5.54),(534,'1116572','doloremque','MALE','OPEN','wolff.erica@example.org',5418888777,'PLANNING','SOLAPUR','TE',0,7.33),(535,'1116786','consequuntur','MALE','MINORITY','bparisian@example.net',9786355251,'MECH','SOLAPUR','BE',0,5.2),(536,'1116409','reiciendis','MALE','OPEN','ohickle@example.com',5002448326,'MECH','OSMNABAD','TE',0,6.39),(537,'1116159','est','MALE','OBC','botsford.howard@example.n',9817876617,'IT','SOLAPUR','SE',0,8.39),(538,'1116663','veniam','FEMALE','OBC','veum.elenora@example.net',4226780459,'COMP','OSMNABAD','BE',0,8.78),(539,'1116397','temporibus','MALE','MINORITY','tyrique80@example.org',9171972080,'COMP','NASHIK','TE',0,6.67),(540,'1116872','reprehenderit','FEMALE','MINORITY','april06@example.net',9014024030,'COMP','LATUR','BE',0,6.91),(541,'1116354','quibusdam','MALE','MINORITY','amely.braun@example.org',5109154681,'COMP','LATUR','SE',0,8.62),(542,'1116398','aliquid','MALE','MINORITY','uking@example.net',9763566934,'COMP','SOLAPUR','FE',178,0),(543,'1116438','quibusdam','FEMALE','OPEN','jakubowski.esta@example.n',4634860203,'IT','OSMNABAD','TE',0,9.46),(544,'1116878','soluta','FEMALE','MINORITY','nicole57@example.org',4313429312,'COMP','SOLAPUR','FE',175,0),(545,'1116384','error','MALE','MINORITY','hilma.halvorson@example.c',5151020963,'COMP','NASHIK','SE',0,9.07),(546,'1116395','ut','MALE','OBC','daisha71@example.com',1258457927,'COMP','SOLAPUR','FE',192,0),(547,'1116617','facere','FEMALE','MINORITY','barton.smitham@example.ne',1208420114,'MECH','LATUR','FE',196,0),(548,'1116512','aliquid','FEMALE','OBC','berenice25@example.net',1210783819,'IT','OSMNABAD','FE',112,0),(549,'1116263','sunt','FEMALE','OBC','graham.marlon@example.com',5109726207,'MECH','NASHIK','TE',0,6.42),(550,'1116521','itaque','MALE','OBC','sierra38@example.net',7385423344,'MECH','LATUR','BE',0,7.98),(551,'1116889','est','FEMALE','OBC','kbecker@example.org',2128734853,'MECH','NASHIK','SE',0,8.9),(552,'1116680','nostrum','FEMALE','OBC','orpha.barrows@example.org',6952903204,'COMP','NASHIK','BE',0,8.01),(553,'1116585','modi','MALE','MINORITY','zkuphal@example.com',7861950484,'PLANNING','SOLAPUR','FE',118,0),(554,'1116836','similique','FEMALE','OPEN','derick23@example.net',6508035634,'MECH','NASHIK','BE',0,8.91),(555,'1116738','eveniet','FEMALE','MINORITY','tromp.kobe@example.org',9722413060,'PLANNING','SOLAPUR','BE',0,5.28),(556,'1116355','et','FEMALE','MINORITY','pouros.rocio@example.net',8544093031,'IT','OSMNABAD','BE',0,5.43),(557,'1116205','quibusdam','FEMALE','MINORITY','bernita.padberg@example.o',5545244535,'IT','NASHIK','FE',199,0),(558,'1116826','harum','MALE','OBC','lenna.bailey@example.org',4465075342,'MECH','LATUR','FE',132,0),(559,'1116529','qui','FEMALE','MINORITY','mills.verla@example.com',6218260679,'MECH','OSMNABAD','TE',0,8),(560,'1116256','et','FEMALE','MINORITY','williamson.meaghan@exampl',8222779453,'PLANNING','OSMNABAD','SE',0,6.26),(561,'1116466','ipsam','MALE','MINORITY','alford19@example.org',7249815050,'MECH','NASHIK','TE',0,9.23),(562,'1116560','necessitatibus','FEMALE','MINORITY','gutmann.jackeline@example',3132895876,'IT','SOLAPUR','BE',0,6.61),(563,'1116510','blanditiis','FEMALE','OPEN','amelia.stokes@example.org',7425053247,'PLANNING','NASHIK','BE',0,5.22),(564,'1116370','soluta','FEMALE','MINORITY','yswift@example.com',4534063003,'COMP','LATUR','BE',0,8.64),(565,'1116726','modi','MALE','MINORITY','heloise.gerlach@example.n',4976577750,'COMP','SOLAPUR','SE',0,5.46),(566,'1116299','adipisci','MALE','OBC','eldred90@example.net',5393168694,'IT','OSMNABAD','SE',0,9.01),(567,'1116639','omnis','MALE','MINORITY','lucius35@example.org',2458757712,'PLANNING','OSMNABAD','BE',0,9.35),(568,'1116949','quae','MALE','OBC','zmorissette@example.com',6018942135,'MECH','OSMNABAD','TE',0,6.6),(569,'1116435','aut','FEMALE','MINORITY','hcormier@example.org',7203865738,'MECH','LATUR','BE',0,5.65),(570,'1116237','fugiat','MALE','OPEN','eulalia.kuhlman@example.c',3282786740,'PLANNING','NASHIK','BE',0,5.39),(571,'1116630','omnis','FEMALE','OPEN','gleichner.darian@example.',7340593420,'IT','LATUR','TE',0,6.82),(572,'1116744','aut','MALE','OPEN','kelsi.ebert@example.com',1894142449,'MECH','LATUR','FE',149,0),(573,'1116285','quidem','MALE','MINORITY','yesenia.grant@example.org',6010688986,'IT','NASHIK','TE',0,9.37),(574,'1116170','voluptatum','MALE','OBC','dillon.harvey@example.net',9974205618,'MECH','OSMNABAD','FE',190,0),(575,'1116351','itaque','MALE','OPEN','yzemlak@example.net',3093511780,'MECH','NASHIK','BE',0,7.03),(576,'1116216','minus','FEMALE','OPEN','keeling.hailee@example.co',8718365410,'IT','NASHIK','TE',0,7.09),(577,'1116499','debitis','MALE','OBC','alfonzo77@example.net',4242065797,'MECH','NASHIK','TE',0,6.8),(578,'1116801','ex','MALE','OPEN','cruz.kiehn@example.net',1351453744,'MECH','SOLAPUR','TE',0,7.17),(579,'1116274','corrupti','FEMALE','MINORITY','amari84@example.com',2341819707,'PLANNING','LATUR','SE',0,8.97),(580,'1116283','illum','MALE','OPEN','mclaughlin.violette@examp',8282860269,'COMP','NASHIK','BE',0,9.45),(581,'1116700','dolore','MALE','OPEN','slang@example.net',3122526543,'IT','OSMNABAD','BE',0,5.73),(582,'1116295','tempora','MALE','MINORITY','unitzsche@example.net',3775102769,'COMP','OSMNABAD','FE',155,0),(583,'1116492','quod','MALE','OBC','bettie.simonis@example.ne',3122475912,'PLANNING','LATUR','FE',179,0),(584,'1116516','magni','MALE','MINORITY','germaine.feil@example.com',7864488773,'COMP','LATUR','BE',0,5.13),(585,'1116266','magni','FEMALE','OPEN','myrtis07@example.org',1587797291,'IT','SOLAPUR','BE',0,5.99),(586,'1116893','vel','FEMALE','OBC','amosciski@example.org',7403132857,'IT','SOLAPUR','BE',0,6.55),(587,'1116376','ipsa','FEMALE','MINORITY','drobel@example.org',4074041893,'MECH','NASHIK','BE',0,9.5),(588,'1116254','nesciunt','FEMALE','MINORITY','yernser@example.net',7992110964,'MECH','OSMNABAD','FE',196,0),(589,'1116827','sunt','MALE','OPEN','marlee.adams@example.net',4278776666,'IT','NASHIK','TE',0,9.16),(590,'1116853','repudiandae','MALE','OBC','cielo06@example.org',1397853199,'COMP','LATUR','FE',144,0),(591,'1116705','ab','MALE','OBC','darius.schultz@example.or',2305950857,'COMP','SOLAPUR','SE',0,7.15),(592,'1116303','iure','FEMALE','OBC','andrew72@example.net',9455552680,'MECH','SOLAPUR','FE',136,0),(593,'1116185','repudiandae','MALE','OBC','brippin@example.com',8345033869,'PLANNING','SOLAPUR','TE',0,8.55),(594,'1116236','qui','MALE','MINORITY','carroll.connelly@example.',3749718148,'IT','NASHIK','BE',0,9.68),(595,'1116543','magni','MALE','OPEN','tremblay.brittany@example',8420925181,'PLANNING','LATUR','TE',0,9.89),(596,'1116601','impedit','MALE','OPEN','willow.wisoky@example.com',4628255143,'COMP','LATUR','BE',0,8.59),(597,'1116402','ea','FEMALE','OBC','rae.o\'reilly@example.com',1934624235,'COMP','SOLAPUR','BE',0,8.2),(598,'1116661','sint','FEMALE','MINORITY','block.esta@example.net',6714597096,'PLANNING','SOLAPUR','BE',0,8.75),(599,'1116348','perspiciatis','MALE','OBC','harvey.martina@example.co',9942751286,'PLANNING','OSMNABAD','TE',0,7.62),(600,'1116783','eum','MALE','OPEN','nina90@example.org',2958830806,'MECH','NASHIK','BE',0,6.92),(601,'1116246','alias','FEMALE','OPEN','lraynor@example.net',5355800108,'COMP','OSMNABAD','BE',0,8.97),(602,'1116456','voluptatem','MALE','OPEN','andrew76@example.com',5610202290,'PLANNING','OSMNABAD','BE',0,5.16),(603,'1116892','harum','MALE','OBC','van18@example.net',4923735236,'IT','SOLAPUR','FE',114,0),(604,'1116687','vel','FEMALE','OPEN','hauck.herman@example.org',6760715610,'COMP','LATUR','FE',122,0),(605,'1116647','voluptas','MALE','OPEN','elenor.rogahn@example.net',8076812881,'IT','NASHIK','BE',0,5.7),(606,'1116259','est','FEMALE','OPEN','icronin@example.com',4607692282,'PLANNING','SOLAPUR','FE',108,0),(607,'1116197','maxime','MALE','OPEN','mathilde.hermiston@exampl',7289654985,'COMP','SOLAPUR','FE',156,0),(608,'1116713','ea','MALE','OBC','joan.waelchi@example.com',8364456676,'COMP','OSMNABAD','FE',170,0),(609,'1116662','modi','FEMALE','OPEN','leuschke.howard@example.o',9634771922,'PLANNING','OSMNABAD','SE',0,9.66),(610,'1116901','officiis','MALE','MINORITY','lkirlin@example.org',4319214824,'IT','SOLAPUR','BE',0,7.74),(611,'1116208','reiciendis','FEMALE','OBC','winston.reinger@example.n',9981703091,'PLANNING','SOLAPUR','BE',0,6.72),(612,'1116606','at','FEMALE','MINORITY','ubayer@example.org',7707107410,'PLANNING','LATUR','SE',0,8.43),(613,'1116685','unde','FEMALE','OBC','mills.cordie@example.org',2763568825,'MECH','OSMNABAD','TE',0,6.91),(614,'1116469','aperiam','FEMALE','OPEN','brooke99@example.org',2845478790,'PLANNING','OSMNABAD','FE',131,0),(615,'1116905','animi','FEMALE','MINORITY','clare32@example.org',2037582894,'IT','OSMNABAD','SE',0,9.69),(616,'1116490','distinctio','FEMALE','OPEN','ybauch@example.net',6416447423,'MECH','LATUR','BE',0,9.19),(617,'1116565','ipsum','FEMALE','MINORITY','durgan.rogers@example.net',9617016187,'COMP','OSMNABAD','TE',0,7.76),(618,'1116213','aut','FEMALE','OBC','antonetta71@example.net',1559687273,'MECH','NASHIK','SE',0,8.16),(619,'1116199','occaecati','MALE','MINORITY','burdette.mertz@example.co',2628467111,'PLANNING','NASHIK','FE',140,0),(620,'1116270','dolor','FEMALE','MINORITY','towne.asa@example.org',8267952406,'PLANNING','SOLAPUR','TE',0,7.26),(621,'1116218','dolorum','MALE','MINORITY','mann.michaela@example.org',7269175201,'PLANNING','SOLAPUR','FE',183,0),(622,'1116691','qui','FEMALE','OBC','mante.shany@example.com',9691447466,'IT','LATUR','FE',166,0),(623,'1116596','neque','FEMALE','OBC','gtrantow@example.org',4719582353,'IT','NASHIK','TE',0,6.98),(624,'1116924','dignissimos','FEMALE','OBC','nklocko@example.net',4246907374,'COMP','NASHIK','TE',0,5.67),(625,'1116715','consectetur','MALE','OPEN','keeling.meghan@example.co',5555464786,'PLANNING','SOLAPUR','SE',0,5.18),(626,'1116808','vitae','FEMALE','OBC','kmckenzie@example.net',2143314207,'MECH','OSMNABAD','SE',0,7.1),(627,'1116779','enim','MALE','OBC','issac67@example.org',9057232439,'IT','LATUR','SE',0,8.22),(628,'1116169','ducimus','MALE','OPEN','botsford.thalia@example.n',3961981505,'PLANNING','LATUR','SE',0,7.23),(629,'1116749','ipsam','FEMALE','OBC','bosco.lavina@example.net',8347254573,'PLANNING','SOLAPUR','FE',183,0),(630,'1116451','est','MALE','OPEN','norn@example.com',3565627005,'PLANNING','LATUR','TE',0,9.06),(631,'1116544','ullam','MALE','OBC','xfadel@example.org',5668359262,'MECH','LATUR','TE',0,6),(632,'1116563','voluptates','FEMALE','OPEN','ojerde@example.net',9351689120,'COMP','OSMNABAD','SE',0,7.08),(633,'1116854','aperiam','FEMALE','MINORITY','adams.xavier@example.net',1447789205,'COMP','SOLAPUR','FE',142,0),(634,'1116931','voluptas','FEMALE','OPEN','ashton80@example.net',9849066490,'MECH','NASHIK','BE',0,9.88),(635,'1116232','ullam','MALE','OPEN','dedric.dach@example.org',6768585050,'MECH','OSMNABAD','FE',187,0),(636,'1116444','aut','FEMALE','OBC','devan.lindgren@example.or',8025139628,'PLANNING','NASHIK','BE',0,6.77),(637,'1116896','aut','FEMALE','MINORITY','aframi@example.org',4487782489,'MECH','LATUR','TE',0,5.97),(638,'1116209','ex','MALE','MINORITY','cmurray@example.net',9355647688,'IT','NASHIK','TE',0,9.59),(639,'1116503','laborum','FEMALE','OBC','rosenbaum.sigrid@example.',6132833787,'PLANNING','SOLAPUR','FE',200,0),(640,'1116163','accusantium','MALE','MINORITY','mara72@example.org',7883335314,'COMP','LATUR','BE',0,5.77),(641,'1116821','quia','MALE','MINORITY','kovacek.woodrow@example.c',3247265049,'MECH','LATUR','SE',0,9.77),(642,'1116468','labore','MALE','OPEN','marques16@example.net',4300886293,'PLANNING','NASHIK','TE',0,5.54),(643,'1116784','pariatur','FEMALE','OBC','sylvester17@example.com',3017802652,'PLANNING','LATUR','BE',0,7.84),(644,'1116530','numquam','MALE','MINORITY','else.kshlerin@example.org',3109259762,'COMP','LATUR','FE',133,0),(645,'1116948','a','MALE','MINORITY','brielle.kerluke@example.n',6923628797,'MECH','LATUR','SE',0,5.38),(646,'1116491','sed','FEMALE','OPEN','robb.osinski@example.org',5461717566,'IT','NASHIK','TE',0,5.11),(647,'1116315','voluptatem','MALE','MINORITY','milan.rempel@example.net',7969459340,'COMP','NASHIK','BE',0,6.01),(648,'1116204','hic','FEMALE','MINORITY','anissa03@example.com',5046119346,'COMP','SOLAPUR','SE',0,5.31),(649,'1116219','voluptates','FEMALE','OPEN','marcella.parisian@example',5402767964,'MECH','OSMNABAD','TE',0,7.14),(650,'1116590','velit','FEMALE','MINORITY','dibbert.rebeca@example.or',5357037923,'IT','SOLAPUR','FE',164,0),(651,'1116531','porro','MALE','OPEN','krowe@example.net',9127956682,'MECH','OSMNABAD','BE',0,8.38),(652,'1116545','nulla','FEMALE','MINORITY','pattie.kemmer@example.net',3118963808,'PLANNING','SOLAPUR','TE',0,5.84),(653,'1116455','mollitia','MALE','MINORITY','erik.hudson@example.com',9173213425,'MECH','OSMNABAD','SE',0,5.78),(654,'1116917','ducimus','FEMALE','OPEN','amya.auer@example.org',7082939677,'MECH','NASHIK','BE',0,7.4),(655,'1116785','delectus','FEMALE','OBC','nienow.macy@example.com',1972085001,'IT','LATUR','SE',0,7.34),(656,'1116473','vel','MALE','OBC','judd.abernathy@example.or',7409228881,'MECH','SOLAPUR','TE',0,7.11),(657,'1116694','eum','MALE','OPEN','shields.elsa@example.org',4981404662,'IT','NASHIK','TE',0,8.11),(658,'1116298','suscipit','MALE','MINORITY','pcollier@example.net',8893801433,'COMP','NASHIK','SE',0,7.61),(659,'1116383','dolor','MALE','MINORITY','stewart97@example.org',9711947089,'COMP','NASHIK','BE',0,7.07),(660,'1116848','mollitia','MALE','MINORITY','bradtke.candice@example.c',9393667450,'IT','NASHIK','BE',0,9.46),(661,'1116752','quis','FEMALE','MINORITY','assunta29@example.net',3320771265,'PLANNING','NASHIK','FE',162,0),(662,'1116859','occaecati','MALE','MINORITY','bode.elmo@example.net',4154072631,'IT','LATUR','BE',0,7.44),(663,'1116865','ea','FEMALE','OBC','carter.oral@example.net',3685179547,'IT','OSMNABAD','BE',0,9.69),(664,'1116472','ex','FEMALE','MINORITY','anahi27@example.net',3569000644,'PLANNING','LATUR','TE',0,8.41),(665,'1116906','quae','FEMALE','MINORITY','waelchi.blair@example.net',4163909645,'IT','OSMNABAD','TE',0,6.65),(666,'1116187','sit','MALE','OPEN','manley12@example.org',3028589151,'PLANNING','NASHIK','BE',0,7.85),(667,'1116604','quasi','FEMALE','MINORITY','dariana74@example.com',8802082795,'IT','SOLAPUR','TE',0,9.35),(668,'1116375','nulla','FEMALE','MINORITY','carter.schaden@example.or',9949204507,'COMP','NASHIK','TE',0,7.25),(669,'1116650','facere','FEMALE','MINORITY','gfeeney@example.org',7050862390,'PLANNING','NASHIK','FE',113,0),(670,'1116453','aut','FEMALE','OPEN','feil.niko@example.org',1620655138,'MECH','NASHIK','SE',0,7.15),(671,'1116702','et','MALE','OPEN','bahringer.queenie@example',7568281301,'IT','OSMNABAD','FE',126,0),(672,'1116286','repellendus','MALE','MINORITY','homenick.eloise@example.n',9964301027,'MECH','OSMNABAD','TE',0,6.22),(673,'1116193','ipsam','FEMALE','MINORITY','aufderhar.hans@example.or',3126622558,'COMP','NASHIK','BE',0,8.32),(674,'1116614','et','MALE','MINORITY','erolfson@example.com',3811712993,'MECH','NASHIK','BE',0,7.13),(675,'1116696','debitis','MALE','MINORITY','vgleichner@example.net',7575585846,'IT','NASHIK','BE',0,9.46),(676,'1116870','et','MALE','MINORITY','zoie53@example.net',1379002874,'MECH','LATUR','TE',0,5.02),(677,'1116771','et','FEMALE','MINORITY','lourdes60@example.net',6300053157,'COMP','OSMNABAD','BE',0,6.48),(678,'1116289','aperiam','MALE','MINORITY','devyn.rohan@example.org',8843191551,'MECH','LATUR','TE',0,7.33),(679,'1116622','est','FEMALE','MINORITY','xbins@example.org',7070420616,'COMP','SOLAPUR','FE',173,0),(680,'1116839','qui','MALE','OBC','abagail41@example.com',6368654556,'IT','SOLAPUR','SE',0,8.42),(681,'1116550','sit','FEMALE','MINORITY','emcclure@example.com',1387859611,'PLANNING','NASHIK','FE',189,0),(682,'1116519','unde','MALE','OPEN','brooks12@example.com',1801023520,'COMP','NASHIK','FE',200,0),(683,'1116682','saepe','FEMALE','OBC','lkertzmann@example.net',8080158564,'COMP','LATUR','TE',0,7.69),(684,'1116231','optio','FEMALE','OPEN','quinn61@example.org',3239076576,'MECH','OSMNABAD','BE',0,7.78),(685,'1116945','nemo','FEMALE','MINORITY','casimer09@example.com',4756566468,'PLANNING','SOLAPUR','TE',0,8.22),(686,'1116789','cum','FEMALE','MINORITY','sandrine.hirthe@example.o',4481400060,'COMP','OSMNABAD','SE',0,5.32),(687,'1116347','corporis','FEMALE','OPEN','myrtis61@example.net',3070343149,'IT','LATUR','FE',177,0),(688,'1116751','a','MALE','MINORITY','ricky.dare@example.org',1875132723,'IT','LATUR','BE',0,8.55),(689,'1116349','expedita','FEMALE','OPEN','elmira20@example.com',5337538284,'IT','LATUR','BE',0,7.91),(690,'1116211','provident','FEMALE','OBC','werner.mills@example.net',9951904846,'COMP','NASHIK','TE',0,7.35),(691,'1116583','vero','FEMALE','MINORITY','tkunze@example.org',6269365151,'PLANNING','LATUR','BE',0,9.67),(692,'1116559','dolore','FEMALE','OBC','jose.bartell@example.org',8327414480,'PLANNING','NASHIK','TE',0,9.19),(693,'1116800','eveniet','FEMALE','OPEN','rey03@example.net',7647507848,'MECH','LATUR','BE',0,6.78),(694,'1116415','asperiores','MALE','MINORITY','may.emmerich@example.com',1285970517,'COMP','NASHIK','SE',0,7.2),(695,'1116908','suscipit','MALE','OBC','fschiller@example.com',3859803337,'PLANNING','SOLAPUR','TE',0,5.8),(696,'1116271','magnam','MALE','OBC','onicolas@example.org',3223465697,'COMP','SOLAPUR','FE',151,0),(697,'1116497','dignissimos','MALE','MINORITY','ratke.camille@example.net',4666123373,'PLANNING','LATUR','BE',0,6.31),(698,'1116331','rem','MALE','OBC','kimberly.homenick@example',1209201469,'PLANNING','LATUR','SE',0,5.89),(699,'1116290','harum','FEMALE','OBC','bode.marcellus@example.or',2358038408,'MECH','LATUR','TE',0,5.35),(700,'1116748','illo','MALE','OPEN','nova70@example.net',2284874932,'IT','NASHIK','SE',0,9.07),(701,'1116224','earum','MALE','MINORITY','samir18@example.net',1405481013,'MECH','LATUR','BE',0,6.09),(702,'1116861','voluptas','MALE','OPEN','mrodriguez@example.net',2505408140,'COMP','LATUR','FE',113,0),(703,'1116911','porro','FEMALE','MINORITY','daryl89@example.org',7592353141,'COMP','OSMNABAD','SE',0,9.79),(704,'1116255','aut','FEMALE','OPEN','jayden.lubowitz@example.c',4847579565,'PLANNING','OSMNABAD','BE',0,8.97),(705,'1116542','cumque','FEMALE','OBC','reymundo.welch@example.co',6401434234,'COMP','NASHIK','TE',0,9.99),(706,'1116653','consequatur','MALE','OPEN','gschneider@example.net',4017430009,'IT','SOLAPUR','BE',0,8.71),(707,'1116386','nam','MALE','MINORITY','eichmann.elroy@example.ne',2846256374,'PLANNING','LATUR','BE',0,7.8),(708,'1116692','blanditiis','FEMALE','OPEN','jwatsica@example.com',1307312038,'COMP','OSMNABAD','SE',0,9.53),(709,'1116855','rerum','FEMALE','MINORITY','prohaska.rebekah@example.',3841654314,'MECH','LATUR','TE',0,6.34),(710,'1116221','nesciunt','MALE','OBC','dorothea50@example.org',1760901643,'IT','LATUR','FE',138,0),(711,'1116710','consequatur','MALE','MINORITY','penelope.dietrich@example',2210393208,'IT','OSMNABAD','SE',0,6.49),(712,'1116403','qui','FEMALE','OBC','elliot47@example.com',7855624817,'MECH','OSMNABAD','BE',0,9.37),(713,'1116876','eligendi','FEMALE','OBC','yreynolds@example.com',6077442309,'PLANNING','SOLAPUR','TE',0,6.47),(714,'1116391','repellat','FEMALE','OBC','gaylord99@example.net',6578644000,'IT','NASHIK','TE',0,5.71),(715,'1116275','veniam','MALE','MINORITY','nhane@example.org',9468862331,'IT','SOLAPUR','FE',120,0),(716,'1116336','optio','FEMALE','OPEN','abagail15@example.org',1203934070,'PLANNING','SOLAPUR','SE',0,8.86),(717,'1116411','provident','MALE','OPEN','bradtke.syble@example.net',3313041056,'PLANNING','OSMNABAD','SE',0,5.18),(718,'1116513','excepturi','FEMALE','OBC','smedhurst@example.org',6944774625,'IT','OSMNABAD','TE',0,9.3),(719,'1116279','culpa','FEMALE','OBC','forn@example.org',6568142217,'PLANNING','OSMNABAD','BE',0,8.71),(720,'1116359','a','MALE','OPEN','madison.mante@example.org',9119608741,'MECH','OSMNABAD','BE',0,5.14),(721,'1116882','sequi','MALE','OBC','iblick@example.org',1424392234,'MECH','LATUR','SE',0,8.43),(722,'1116857','ea','MALE','OPEN','eschneider@example.net',9378434779,'IT','NASHIK','BE',0,7.84),(723,'1116280','quia','MALE','OPEN','gregory03@example.net',1442270709,'PLANNING','NASHIK','FE',163,0),(724,'1116657','adipisci','FEMALE','OBC','fay.brenda@example.net',7321792874,'IT','NASHIK','SE',0,6.21),(725,'1116568','repudiandae','MALE','OBC','roselyn06@example.org',3214456645,'PLANNING','SOLAPUR','FE',176,0),(726,'1116244','error','FEMALE','MINORITY','auer.chance@example.net',4073784409,'PLANNING','OSMNABAD','TE',0,7.59),(727,'1116792','veniam','MALE','OBC','katharina.cartwright@exam',3762431889,'MECH','LATUR','TE',0,6.91),(728,'1116311','eum','MALE','OBC','deonte.doyle@example.com',2415564138,'IT','OSMNABAD','BE',0,6.77),(729,'1116262','similique','MALE','MINORITY','santiago53@example.com',7673937264,'MECH','SOLAPUR','SE',0,7.82),(730,'1116675','quisquam','MALE','MINORITY','jessika.schiller@example.',7701278357,'MECH','LATUR','SE',0,9.2),(731,'1116584','modi','FEMALE','OBC','gmarvin@example.com',7982776889,'IT','NASHIK','BE',0,6.4),(732,'1116796','aliquam','MALE','MINORITY','nasir70@example.com',3443530839,'COMP','LATUR','FE',131,0),(733,'1116297','autem','FEMALE','MINORITY','hand.raven@example.org',9700117380,'IT','LATUR','TE',0,5.89),(734,'1116235','recusandae','MALE','MINORITY','cassidy.shields@example.c',5511519652,'MECH','SOLAPUR','TE',0,7.86),(735,'1116780','vel','MALE','MINORITY','kaylie18@example.com',9686596261,'MECH','NASHIK','FE',159,0),(736,'1116927','reiciendis','MALE','OBC','rwolf@example.net',1150436148,'MECH','OSMNABAD','FE',132,0),(737,'1116573','nihil','FEMALE','MINORITY','paucek.adelle@example.org',1972733305,'COMP','SOLAPUR','FE',118,0),(738,'1116363','est','MALE','MINORITY','markus.stark@example.com',1920908817,'PLANNING','SOLAPUR','BE',0,8.99),(739,'1116414','quo','FEMALE','MINORITY','bernita90@example.com',5382527572,'MECH','SOLAPUR','FE',152,0),(740,'1116428','temporibus','FEMALE','MINORITY','sarah.balistreri@example.',5456940717,'COMP','SOLAPUR','TE',0,7.25),(741,'1116450','assumenda','FEMALE','OPEN','marielle80@example.net',5523553428,'PLANNING','SOLAPUR','TE',0,7.24),(742,'1116812','neque','FEMALE','MINORITY','ullrich.nicolette@example',7155111154,'IT','NASHIK','BE',0,6.29),(743,'1116884','animi','MALE','MINORITY','lane.carter@example.net',7923876444,'PLANNING','NASHIK','TE',0,8.3),(744,'1116817','cum','MALE','MINORITY','arely91@example.net',9907663145,'MECH','LATUR','FE',195,0),(745,'1116611','non','FEMALE','OPEN','gabriella.mclaughlin@exam',7529994688,'MECH','NASHIK','FE',143,0),(746,'1116625','harum','MALE','MINORITY','kiehn.evans@example.net',4975152400,'PLANNING','OSMNABAD','FE',113,0),(747,'1116253','ad','FEMALE','MINORITY','mshanahan@example.com',9326054205,'PLANNING','LATUR','TE',0,6.9),(748,'1116341','molestiae','MALE','MINORITY','fredrick.pollich@example.',3834116636,'MECH','LATUR','FE',182,0),(749,'1116634','sed','FEMALE','OBC','cummerata.kaylin@example.',5435769611,'IT','NASHIK','SE',0,9.78),(750,'1116527','est','MALE','OBC','vivianne59@example.com',7784196026,'IT','OSMNABAD','BE',0,8.66),(751,'1116476','molestias','MALE','OBC','trey.effertz@example.net',9958533210,'PLANNING','OSMNABAD','BE',0,9.01),(752,'1116815','inventore','MALE','OPEN','deshawn15@example.net',8787234781,'IT','LATUR','FE',194,0),(753,'1116440','cum','MALE','OBC','addison55@example.org',2526576146,'PLANNING','OSMNABAD','SE',0,7.52),(754,'1116532','neque','MALE','MINORITY','tyra.goyette@example.com',5872591684,'IT','LATUR','TE',0,6.01),(755,'1116333','fugit','MALE','MINORITY','cgawande12@gmail.com',6009982501,'IT','OSMNABAD','SE',0,9.75),(756,'1116782','eaque','MALE','MINORITY','reichert.reid@example.com',7913575031,'IT','NASHIK','FE',136,0),(757,'1116888','et','FEMALE','OPEN','jaylan11@example.com',5982317175,'PLANNING','SOLAPUR','FE',191,0),(758,'1116401','tenetur','FEMALE','OPEN','adams.jazmyne@example.org',9669435371,'COMP','SOLAPUR','BE',0,5.12),(759,'1116851','nam','MALE','OBC','bruen.devante@example.org',7057168578,'MECH','OSMNABAD','TE',0,8.44),(760,'1116155','dolores','MALE','MINORITY','maritza52@example.com',9415933332,'MECH','OSMNABAD','TE',0,7.91),(761,'1116757','hic','FEMALE','MINORITY','jon74@example.net',8555142987,'IT','NASHIK','FE',108,0),(762,'1116813','atque','FEMALE','MINORITY','chester36@example.com',9862970850,'IT','OSMNABAD','FE',156,0),(763,'1116174','inventore','MALE','OBC','agerlach@example.net',5996992099,'MECH','NASHIK','SE',0,7.93),(764,'1116610','labore','FEMALE','OPEN','danielle58@example.org',8293933019,'MECH','OSMNABAD','TE',0,8.65),(765,'1116593','modi','FEMALE','OPEN','wanda91@example.org',7187409661,'PLANNING','NASHIK','TE',0,5.08),(766,'1116636','deleniti','MALE','OPEN','reynolds.jalon@example.co',8029291186,'IT','OSMNABAD','TE',0,9.71),(767,'1116320','porro','MALE','MINORITY','xschneider@example.com',5086073747,'MECH','SOLAPUR','BE',0,6.75),(768,'1116719','quas','MALE','MINORITY','kveum@example.net',6867253916,'PLANNING','SOLAPUR','FE',148,0),(769,'1116562','optio','MALE','MINORITY','maynard32@example.org',8771513075,'IT','LATUR','BE',0,5.83),(770,'1116828','qui','MALE','OPEN','abbie95@example.org',4366666231,'PLANNING','LATUR','SE',0,8.57),(771,'1116339','ipsa','FEMALE','OPEN','iemard@example.org',3258388327,'COMP','LATUR','TE',0,6.87),(772,'1116242','omnis','MALE','OBC','pcole@example.com',1562097639,'PLANNING','SOLAPUR','BE',0,7.93),(773,'1116664','suscipit','MALE','OBC','champlin.cristal@example.',3560045729,'PLANNING','LATUR','SE',0,6.24),(774,'1116841','autem','FEMALE','OPEN','bklein@example.net',2658324456,'IT','SOLAPUR','FE',121,0),(775,'1116176','quia','FEMALE','OBC','alvis82@example.com',8645077376,'IT','LATUR','BE',0,8.17),(776,'1116156','veritatis','FEMALE','MINORITY','christopher93@example.com',7672081030,'PLANNING','SOLAPUR','FE',177,0),(777,'1116577','nam','FEMALE','OPEN','wo\'kon@example.org',5777861397,'MECH','LATUR','SE',0,5.58),(778,'1116597','quia','MALE','MINORITY','mfahey@example.com',1169848268,'PLANNING','SOLAPUR','TE',0,7.32),(779,'1116684','et','MALE','OBC','labadie.rebeca@example.co',4550082240,'IT','LATUR','TE',0,8.48),(780,'1116679','quasi','MALE','MINORITY','garland66@example.com',7940237749,'PLANNING','NASHIK','BE',0,6.99),(781,'1116393','omnis','FEMALE','OBC','beaulah56@example.org',2269649567,'PLANNING','NASHIK','BE',0,6.14),(782,'1116410','numquam','MALE','OBC','pouros.arianna@example.co',6989428400,'MECH','NASHIK','TE',0,9.42),(783,'1116582','unde','FEMALE','MINORITY','uwolff@example.com',3297629844,'MECH','NASHIK','TE',0,5.54),(784,'1116494','iste','MALE','OBC','krystina.hayes@example.co',5506404472,'COMP','LATUR','TE',0,7.68),(785,'1116165','dolor','MALE','OBC','lonzo17@example.com',6811718791,'PLANNING','OSMNABAD','BE',0,5.09),(786,'1116764','itaque','MALE','OPEN','crempel@example.com',7447763337,'IT','LATUR','TE',0,9.38),(787,'1116388','architecto','MALE','OPEN','mmaggio@example.org',3782391784,'MECH','OSMNABAD','TE',0,8.78),(788,'1116758','enim','FEMALE','MINORITY','kunde.amanda@example.com',9358953874,'IT','NASHIK','SE',0,5.12),(789,'1116323','dolor','MALE','MINORITY','alexys.schowalter@example',6131447400,'MECH','SOLAPUR','BE',0,9.88),(790,'1116360','quia','FEMALE','OBC','georgiana36@example.net',9751308775,'COMP','NASHIK','TE',0,5.73),(791,'1116404','quasi','FEMALE','OBC','celestino66@example.net',2177329179,'MECH','SOLAPUR','FE',142,0),(792,'1116688','eos','FEMALE','OBC','cgawande12@gmail.com',4813322060,'COMP','OSMNABAD','FE',189,0),(793,'1116822','delectus','MALE','MINORITY','fkemmer@example.net',3914685754,'MECH','OSMNABAD','SE',0,8.12),(794,'1116921','error','MALE','OPEN','maggie.thiel@example.com',4411776347,'PLANNING','NASHIK','SE',0,5.7),(795,'1116895','corrupti','FEMALE','MINORITY','o\'conner.garth@example.or',8776871909,'IT','OSMNABAD','BE',0,8.25),(796,'1116864','aut','FEMALE','OPEN','maribel.lindgren@example.',8054240465,'PLANNING','OSMNABAD','SE',0,5.14),(797,'1116166','rerum','FEMALE','OPEN','cgawande12@gmail.com',4433789476,'MECH','NASHIK','FE',155,0),(798,'1116929','enim','FEMALE','OBC','khartmann@example.com',1778388317,'COMP','NASHIK','TE',0,6.48),(799,'1116533','aut','FEMALE','MINORITY','priyankagandhi996@gmil.com',4324901319,'COMP','OSMNABAD','FE',161,0),(800,'1116934','ratione','FEMALE','MINORITY','buford44@example.org',9935564510,'MECH','SOLAPUR','SE',0,6.43);
/*!40000 ALTER TABLE `COEP_HOSTEL` ENABLE KEYS */;
UNLOCK TABLES;

--
-- Table structure for table `app1_user`
--

DROP TABLE IF EXISTS `app1_user`;
/*!40101 SET @saved_cs_client     = @@character_set_client */;
/*!40101 SET character_set_client = utf8 */;
CREATE TABLE `app1_user` (
  `id` int(11) NOT NULL AUTO_INCREMENT,
  `password` varchar(128) NOT NULL,
  `last_login` datetime DEFAULT NULL,
  `is_superuser` tinyint(1) NOT NULL,
  `first_name` varchar(30) NOT NULL,
  `last_name` varchar(150) NOT NULL,
  `email` varchar(254) NOT NULL,
  `is_staff` tinyint(1) NOT NULL,
  `is_active` tinyint(1) NOT NULL,
  `date_joined` datetime NOT NULL,
  `username` int(11) NOT NULL,
  `name` varchar(25) NOT NULL,
  `year` varchar(2) NOT NULL,
  `gender` varchar(30) NOT NULL,
  `category` varchar(50) NOT NULL,
  `branch` varchar(50) NOT NULL,
  `cet` int(11) DEFAULT NULL,
  `cgpa` float DEFAULT NULL,
  `pref1` int(11) NOT NULL,
  `pref2` int(11) NOT NULL,
  `pref3` int(11) NOT NULL,
  `status` tinyint(1) NOT NULL DEFAULT '0',
  `astatus` int(11) NOT NULL DEFAULT '0',
  `roomno` int(11) NOT NULL,
  PRIMARY KEY (`id`),
  UNIQUE KEY `username` (`username`)
) ENGINE=InnoDB AUTO_INCREMENT=312 DEFAULT CHARSET=latin1;
/*!40101 SET character_set_client = @saved_cs_client */;

--
-- Dumping data for table `app1_user`
--

LOCK TABLES `app1_user` WRITE;
/*!40000 ALTER TABLE `app1_user` DISABLE KEYS */;
INSERT INTO `app1_user` VALUES (1,'Aniket@310','2018-09-15 00:00:00',0,'Murl','Dietrich','aniketkarande592@gmail.com',0,1,'2018-09-15 00:00:00',1117194,'blanditiis','TE','FEMALE','MINORITY','IT',0,7,0,0,0,0,0,0),(2,'29fd0c587a2b691d91cb5ac224736ccabad7915d','2018-09-15 00:00:00',0,'Melany','Abshire','priyankagandhi996@gmail.com',0,1,'2018-09-15 00:00:00',1117372,'debitis','FE','FEMALE','OPEN','MECH',183,0,0,0,0,1,1,7),(3,'355c66b90db4f83d36110eb08d096321c1169289','2018-09-15 00:00:00',0,'Elliot','Langosh','aniketkarande592@gmail.com',0,1,'2018-09-15 00:00:00',1117300,'ut','SE','MALE','OPEN','PLANNING',0,6,0,0,0,0,1,1),(4,'77a9eb32796949a8dc5cd724587e33441d052b78','2018-09-15 00:00:00',0,'Dena','Wunsch','aniketkarande592@gmail.com',0,1,'2018-09-15 00:00:00',1117263,'nemo','TE','FEMALE','OPEN','PLANNING',0,7,0,0,0,0,0,0),(5,'c8752652c23aa700f52f91e6cd9248c9587cd656','2018-09-15 00:00:00',0,'Justus','West','aniketkarande592@gmail.com',0,1,'2018-09-15 00:00:00',1117252,'omnis','SE','MALE','OPEN','PLANNING',0,8,0,0,0,0,1,1),(6,'83b76308f155ff52c0ba3fec2db42b6a1c28bbd7','2018-09-15 00:00:00',0,'Kaylee','Anderson','aniketkarande592@gmail.com',0,1,'2018-09-15 00:00:00',1117234,'quia','SE','MALE','MINORITY','MECH',0,6,0,0,0,0,1,1),(7,'762965ffe2a292778f960e0ffd258e2ebbfeca36','2018-09-15 00:00:00',0,'Eva','Brakus','aniketkarande592@gmail.com',0,1,'2018-09-15 00:00:00',1117306,'dolore','SE','MALE','MINORITY','COMP',0,5,0,0,0,0,1,1),(8,'420582b4532a472f30fb6eba676158f04b72fa52','2018-09-15 00:00:00',0,'Maye','Kessler','aniketkarande592@gmail.com',0,1,'2018-09-15 00:00:00',1117388,'iure','TE','MALE','OBC','IT',0,6,0,0,0,0,1,1),(9,'a8c308b8fe610174eb6e9eba6b2b87380e973f52','2018-09-15 00:00:00',0,'Jewel','Braun','aniketkarande592@gmail.com',0,1,'2018-09-15 00:00:00',1117419,'eos','BE','MALE','OPEN','MECH',0,6,0,0,0,0,0,0),(10,'98a65ce2c5b2a464b8d7058f5cbca9a575ee3cbc','2018-09-15 00:00:00',0,'Lottie','Dach','aniketkarande592@gmail.com',0,1,'2018-09-15 00:00:00',1117229,'architecto','BE','MALE','MINORITY','MECH',0,9,0,0,0,0,0,0),(11,'72e0d5666a19f3948e7441b571798689ff0901b2','2018-09-15 00:00:00',0,'Linwood','McDermott','aniketkarande592@gmail.com',0,1,'2018-09-15 00:00:00',1117334,'fugiat','TE','FEMALE','OBC','MECH',0,10,0,0,0,0,0,0),(12,'76276d6b27f7194b59964f326bcc63292cc6e6dd','2018-09-15 00:00:00',0,'Myrtice','Cruickshank','aniketkarande592@gmail.com',0,1,'2018-09-15 00:00:00',1117261,'architecto','FE','FEMALE','OPEN','PLANNING',123,0,0,0,0,1,1,1),(13,'0389549df325f823bc09a51921f8163aabd89678','2018-09-15 00:00:00',0,'Viva','Weissnat','aniketkarande592@gmail.com',0,1,'2018-09-15 00:00:00',1117394,'et','SE','FEMALE','OBC','MECH',0,6,0,0,0,0,1,1),(14,'3a37ca9158bf64336fc76c68c931f777bcd84818','2018-09-15 00:00:00',0,'Jamir','Yost','aniketkarande592@gmail.com',0,1,'2018-09-15 00:00:00',1117153,'voluptates','TE','FEMALE','OBC','IT',0,7,0,0,0,0,0,0),(15,'6d03c9f30dedec922592bd8b7b7f52ec42d47920','2018-09-15 00:00:00',0,'Fletcher','Bode','aniketkarande592@gmail.com',0,1,'2018-09-15 00:00:00',1117437,'et','TE','MALE','MINORITY','COMP',0,6,0,0,0,0,1,1),(16,'3e876cb5c85ff8289f79615819d8e57de0ecfcbd','2018-09-15 00:00:00',0,'Grant','Stokes','aniketkarande592@gmail.com',0,1,'2018-09-15 00:00:00',1117364,'incidunt','BE','FEMALE','OPEN','MECH',0,7,0,0,0,1,0,0),(17,'7dce925bfe97e47b2d878d9e134d5294149a21c4','2018-09-15 00:00:00',0,'Ramiro','Donnelly','aniketkarande592@gmail.com',0,1,'2018-09-15 00:00:00',1117416,'quia','BE','MALE','MINORITY','IT',0,9,0,0,0,0,0,0),(18,'2bc29d47ee99a8ae389675bb98dbfc763112176c','2018-09-15 00:00:00',0,'Mack','Goldner','aniketkarande592@gmail.com',0,1,'2018-09-15 00:00:00',1117330,'magnam','TE','MALE','MINORITY','COMP',0,8,0,0,0,0,1,1),(19,'317eafb4c4c67dc08da61944d3e5eaca290a8691','2018-09-15 00:00:00',0,'Bud','Larson','aniketkarande592@gmail.com',0,1,'2018-09-15 00:00:00',1117383,'tenetur','FE','FEMALE','OPEN','COMP',195,0,0,0,0,1,1,1),(20,'ed7752c5729c5bb299bfbb42f742ea8f76ed99b6','2018-09-15 00:00:00',0,'Freeman','Schroeder','aniketkarande592@gmail.com',0,1,'2018-09-15 00:00:00',1117413,'sint','SE','FEMALE','OPEN','IT',0,7,0,0,0,0,1,1),(21,'bbc0fa4b0952a23be73535890cf8bc762028682b','2018-09-15 00:00:00',0,'Pasquale','Cole','aniketkarande592@gmail.com',0,1,'2018-09-15 00:00:00',1117183,'nam','TE','MALE','MINORITY','MECH',0,5,0,0,0,0,1,1),(22,'6b7cd3a768ec271033d837e4d5461e9faca98388','2018-09-15 00:00:00',0,'Elroy','Russel','aniketkarande592@gmail.com',0,1,'2018-09-15 00:00:00',1117408,'sunt','TE','MALE','MINORITY','MECH',0,10,0,0,0,0,1,2),(23,'026012e92daf0e41c0184fb3890da2a171ef83c8','2018-09-15 00:00:00',0,'Aaron','Kiehn','aniketkarande592@gmail.com',0,1,'2018-09-15 00:00:00',1117398,'omnis','TE','FEMALE','OBC','IT',0,10,0,0,0,0,0,0),(24,'a70b28d4f386a4c647ffd1551f93f64f378c613c','2018-09-15 00:00:00',0,'Claud','Greenholt','aniketkarande592@gmail.com',0,1,'2018-09-15 00:00:00',1117442,'provident','BE','MALE','MINORITY','MECH',0,5,0,0,0,0,0,0),(25,'24f4d420b6d29c013d0d3c1da3762e5fb1869279','2018-09-15 00:00:00',0,'Rollin','Turner','aniketkarande592@gmail.com',0,1,'2018-09-15 00:00:00',1117152,'impedit','BE','FEMALE','MINORITY','MECH',0,6,0,0,0,1,0,0),(26,'9aa8dabc804c741a01a1fe35867e4802170e7900','2018-09-15 00:00:00',0,'Alexandrine','Bogisich','aniketkarande592@gmail.com',0,1,'2018-09-15 00:00:00',1117323,'sit','SE','FEMALE','MINORITY','COMP',0,5,0,0,0,0,1,1),(27,'066f2c22df200fb20ab7d4c28c85d4dc36ce4c20','2018-09-15 00:00:00',0,'Edna','Kovacek','aniketkarande592@gmail.com',0,1,'2018-09-15 00:00:00',1117280,'non','BE','MALE','OBC','COMP',0,5,0,0,0,0,0,0),(28,'1c0812df092c720b0af64e22690a68b53507815a','2018-09-15 00:00:00',0,'Marvin','Gulgowski','aniketkarande592@gmail.com',0,1,'2018-09-15 00:00:00',1117366,'omnis','SE','FEMALE','OBC','IT',0,7,0,0,0,0,1,1),(29,'aa1aa0521f699d70b1884ea389ae1cc8be159cf5','2018-09-15 00:00:00',0,'Lon','Medhurst','aniketkarande592@gmail.com',0,1,'2018-09-15 00:00:00',1117333,'atque','TE','FEMALE','OPEN','IT',0,8,0,0,0,0,0,0),(30,'4eb15dd3bef541c049910625fc439bd112fa7aae','2018-09-15 00:00:00',0,'Graciela','Borer','aniketkarande592@gmail.com',0,1,'2018-09-15 00:00:00',1117199,'voluptatem','FE','MALE','OPEN','PLANNING',159,0,1117309,1117158,1117384,1,1,16),(31,'5b2d91944fd5a12189147f842ede67ab87053366','2018-09-15 00:00:00',0,'Karina','Olson','aniketkarande592@gmail.com',0,1,'2018-09-15 00:00:00',1117309,'voluptas','FE','MALE','OBC','PLANNING',130,0,1117212,0,0,1,1,16),(32,'5b07dcdcc01b5bac9b6607c63952969dd7d947a6','2018-09-15 00:00:00',0,'Hope','McLaughlin','aniketkarande592@gmail.com',0,1,'2018-09-15 00:00:00',1117158,'sunt','FE','MALE','OPEN','COMP',122,0,0,0,0,1,1,16),(33,'f032e0fefd62dd7801e04f4bd9399bb1fff65eaa','2018-09-15 00:00:00',0,'Deborah','Brakus','aniketkarande592@gmail.com',0,1,'2018-09-15 00:00:00',1117255,'adipisci','FE','FEMALE','OPEN','COMP',161,0,0,0,0,1,1,17),(34,'326238c199cdb77915ac349bce90a1eef26a638f','2018-09-15 00:00:00',0,'Tremayne','Reichel','aniketkarande592@gmail.com',0,1,'2018-09-15 00:00:00',1117384,'autem','FE','MALE','OPEN','COMP',168,0,0,0,0,1,1,5),(35,'bf4f71818f68ec16f97e16bf2fc7013243f6bce3','2018-09-15 00:00:00',0,'Lauretta','Simonis','aniketkarande592@gmail.com',0,1,'2018-09-15 00:00:00',1117230,'asperiores','FE','FEMALE','OBC','MECH',175,0,0,0,0,1,1,11),(36,'a1ba92553c1a6992e76d75f4cf6e850826d238d6','2018-09-15 00:00:00',0,'Madisyn','Smith','aniketkarande592@gmail.com',0,1,'2018-09-15 00:00:00',1117273,'error','SE','MALE','MINORITY','IT',0,9,0,0,0,0,1,2),(37,'74c954b3eb0145ffea520792b22fddbb90d37d2d','2018-09-15 00:00:00',0,'Kyra','Tromp','aniketkarande592@gmail.com',0,1,'2018-09-15 00:00:00',1117172,'quasi','BE','MALE','MINORITY','COMP',0,7,0,0,0,0,0,0),(38,'76bedf4dc4393d0fdd2e7987eaf0bfe4e7127413','2018-09-15 00:00:00',0,'Ramiro','Blanda','aniketkarande592@gmail.com',0,1,'2018-09-15 00:00:00',1117161,'vero','TE','FEMALE','MINORITY','COMP',0,9,0,0,0,0,0,0),(39,'f978188931f76ed3c54323512105cc6269e8fe0c','2018-09-15 00:00:00',0,'Vladimir','Corwin','aniketkarande592@gmail.com',0,1,'2018-09-15 00:00:00',1117250,'sint','TE','MALE','OPEN','PLANNING',0,7,0,0,0,0,1,2),(40,'248b5bcf40455ee52bd661cd364d5e2ca7075dc6','2018-09-15 00:00:00',0,'Daphney','Fay','aniketkarande592@gmail.com',0,1,'2018-09-15 00:00:00',1117425,'sit','FE','MALE','OBC','IT',178,0,1117384,1117186,1117298,1,1,6),(41,'f8a4c8bb861edc4b0c10581f835b3addfa24baf9','2018-09-15 00:00:00',0,'Mike','Kiehn','aniketkarande592@gmail.com',0,1,'2018-09-15 00:00:00',1117203,'et','TE','FEMALE','OBC','PLANNING',0,7,0,0,0,0,0,0),(42,'196b35dc1a82a05d0e7c744502b951877808135a','2018-09-15 00:00:00',0,'Tanner','Runte','aniketkarande592@gmail.com',0,1,'2018-09-15 00:00:00',1117212,'cum','FE','MALE','OPEN','PLANNING',191,0,0,0,0,1,1,8),(43,'22eb15c43d798d095a6721f926b2bbbac9ce1277','2018-09-15 00:00:00',0,'Rosamond','Quigley','aniketkarande592@gmail.com',0,1,'2018-09-15 00:00:00',1117374,'minima','FE','MALE','OPEN','IT',165,0,0,0,0,1,1,18),(44,'647182affb14e2b9c9adae56712dd6970aeccebe','2018-09-15 00:00:00',0,'Eulah','Howell','aniketkarande592@gmail.com',0,1,'2018-09-15 00:00:00',1117310,'sint','FE','FEMALE','OPEN','PLANNING',106,0,0,0,0,1,1,1),(45,'b921fe615aaa8f36384cf572d457fcc13ef3bb0e','2018-09-15 00:00:00',0,'Anais','Beier','aniketkarande592@gmail.com',0,1,'2018-09-15 00:00:00',1117385,'ratione','TE','MALE','OBC','COMP',0,8,0,0,0,0,1,2),(46,'8d4466e72bf0e41f35d846e2db7b09641b5398fe','2018-09-15 00:00:00',0,'Shana','Pollich','aniketkarande592@gmail.com',0,1,'2018-09-15 00:00:00',1117178,'deleniti','FE','FEMALE','OPEN','IT',151,0,0,0,0,1,1,14),(47,'be16ae5c13a210b822ba09e8ff20b3da35600c7e','2018-09-15 00:00:00',0,'Remington','Rau','aniketkarande592@gmail.com',0,1,'2018-09-15 00:00:00',1117259,'placeat','SE','FEMALE','MINORITY','IT',0,8,0,0,0,0,1,2),(48,'96650b3885405aa921c176b9c610bac996808fac','2018-09-15 00:00:00',0,'Aron','Cummings','aniketkarande592@gmail.com',0,1,'2018-09-15 00:00:00',1117227,'sed','SE','FEMALE','OPEN','MECH',0,9,0,0,0,0,1,2),(49,'e7d8827aae7b89194157d2535575ca12cd170165','2018-09-15 00:00:00',0,'Ada','Breitenberg','aniketkarande592@gmail.com',0,1,'2018-09-15 00:00:00',1117357,'ipsum','FE','MALE','MINORITY','PLANNING',130,0,0,0,0,1,1,1),(50,'74f254dbe683814fa52a8eabe82987dd50e6078b','2018-09-15 00:00:00',0,'Prince','Kemmer','aniketkarande592@gmail.com',0,1,'2018-09-15 00:00:00',1117297,'pariatur','BE','MALE','OPEN','PLANNING',0,5,0,0,0,0,0,0),(51,'6ec82e77588bf98e40d622750f634fdec9068af4','2018-09-15 00:00:00',0,'Jennifer','Johnson','aniketkarande592@gmail.com',0,1,'2018-09-15 00:00:00',1117226,'architecto','FE','MALE','OPEN','IT',140,0,0,0,0,1,1,1),(52,'b737b612efd04f201cbf6fbcd1a2ad3fbea249aa','2018-09-15 00:00:00',0,'Destiney','Wilderman','aniketkarande592@gmail.com',0,1,'2018-09-15 00:00:00',1117348,'repellat','BE','MALE','MINORITY','COMP',0,6,0,0,0,0,0,0),(53,'8ea52399869c30ad839ebedf00dbb16778c9959a','2018-09-15 00:00:00',0,'Elouise','Swift','aniketkarande592@gmail.com',0,1,'2018-09-15 00:00:00',1117351,'non','BE','FEMALE','OBC','PLANNING',0,9,0,0,0,1,0,0),(54,'b6ebd970f07906b800c288c84f9453a9dada2375','2018-09-15 00:00:00',0,'Leslie','Wintheiser','aniketkarande592@gmail.com',0,1,'2018-09-15 00:00:00',1117281,'libero','SE','FEMALE','OBC','IT',0,6,0,0,0,0,1,2),(55,'cc16e844a3e16ed94cc295d869fe62c5c01757d2','2018-09-15 00:00:00',0,'Carmella','Krajcik','aniketkarande592@gmail.com',0,1,'2018-09-15 00:00:00',1117262,'nihil','TE','MALE','OPEN','MECH',0,9,0,0,0,0,1,2),(56,'60c9f4cae7a57fed471bcb3df5b67debb4493b84','2018-09-15 00:00:00',0,'Bianka','Abernathy','aniketkarande592@gmail.com',0,1,'2018-09-15 00:00:00',1117373,'velit','SE','MALE','OBC','PLANNING',0,6,0,0,0,0,1,2),(57,'844762a055d5452b3ce12608a00019cb9d791d86','2018-09-15 00:00:00',0,'Jarvis','Rice','aniketkarande592@gmail.com',0,1,'2018-09-15 00:00:00',1117218,'animi','TE','FEMALE','MINORITY','IT',0,5,0,0,0,0,0,0),(58,'34dc1704d1d87f7b81d1a4defc9f6caea094b272','2018-09-15 00:00:00',0,'Adela','Schaefer','aniketkarande592@gmail.com',0,1,'2018-09-15 00:00:00',1117186,'rerum','FE','MALE','MINORITY','COMP',131,0,0,0,0,1,1,6),(59,'ebd5ca38028b025ef115a3fb8a2aed614a6d3ed1','2018-09-15 00:00:00',0,'Dessie','Weissnat','aniketkarande592@gmail.com',0,1,'2018-09-15 00:00:00',1117258,'voluptatem','TE','MALE','OBC','COMP',0,5,0,0,0,0,1,3),(60,'bd85cf54dc73a6dc29e578ffff917c2272b0b0cc','2018-09-15 00:00:00',0,'Perry','Hayes','aniketkarande592@gmail.com',0,1,'2018-09-15 00:00:00',1117340,'nam','TE','FEMALE','OPEN','IT',0,9,0,0,0,0,0,0),(61,'984841a40835424c5038bb0c9c15a4c923455220','2018-09-15 00:00:00',0,'Madonna','Brekke','aniketkarande592@gmail.com',0,1,'2018-09-15 00:00:00',1117294,'doloribus','FE','FEMALE','OPEN','IT',199,0,0,0,0,1,1,2),(62,'dce27682fcde17102e2dfb8e66db394c552b3547','2018-09-15 00:00:00',0,'Candida','Casper','aniketkarande592@gmail.com',0,1,'2018-09-15 00:00:00',1117449,'et','TE','FEMALE','MINORITY','PLANNING',0,6,0,0,0,0,0,0),(63,'065342427e80a606f660da33e21aee00e0e2b02e','2018-09-15 00:00:00',0,'Lester','Mante','aniketkarande592@gmail.com',0,1,'2018-09-15 00:00:00',1117286,'debitis','SE','FEMALE','MINORITY','IT',0,7,0,0,0,0,1,2),(64,'211188efdbeb15fe486e9144590041d0b647b327','2018-09-15 00:00:00',0,'Abagail','Huels','aniketkarande592@gmail.com',0,1,'2018-09-15 00:00:00',1117446,'pariatur','BE','FEMALE','MINORITY','COMP',0,6,0,0,0,1,0,0),(65,'035200ddf29c8301a12390355b36e4b96e554d58','2018-09-15 00:00:00',0,'Name','Hoppe','aniketkarande592@gmail.com',0,1,'2018-09-15 00:00:00',1117389,'animi','TE','FEMALE','MINORITY','PLANNING',0,8,0,0,0,0,0,0),(66,'4c3a8e9ca26c711c237023812cbe84fc9e3c1179','2018-09-15 00:00:00',0,'Lilian','Gusikowski','aniketkarande592@gmail.com',0,1,'2018-09-15 00:00:00',1117162,'cupiditate','BE','MALE','MINORITY','PLANNING',0,6,0,0,0,0,0,0),(67,'4b729d1dda008bc0f74ff3ff24b607d51c576eb1','2018-09-15 00:00:00',0,'Horacio','McGlynn','aniketkarande592@gmail.com',0,1,'2018-09-15 00:00:00',1117405,'commodi','TE','FEMALE','OBC','COMP',0,7,0,0,0,0,0,0),(68,'f30e27d80f2bd3e7857c8bb4077a8aa4f6966794','2018-09-15 00:00:00',0,'Ron','Schimmel','aniketkarande592@gmail.com',0,1,'2018-09-15 00:00:00',1117308,'adipisci','FE','FEMALE','OBC','IT',121,0,0,0,0,1,1,1),(69,'db70db7b7c0a44e26dfba5a49ec7c73653ab8c82','2018-09-15 00:00:00',0,'Grayson','Wunsch','aniketkarande592@gmail.com',0,1,'2018-09-15 00:00:00',1117365,'autem','SE','FEMALE','MINORITY','PLANNING',0,6,0,0,0,0,1,3),(70,'d793e53e2dc6080c11599149c0391412a76b324d','2018-09-15 00:00:00',0,'Keegan','Kris','aniketkarande592@gmail.com',0,1,'2018-09-15 00:00:00',1117157,'autem','BE','MALE','MINORITY','MECH',0,8,0,0,0,0,0,0),(71,'e14dbb342de6699a69fd9e30377b9e4684d7f50d','2018-09-15 00:00:00',0,'Corrine','Jaskolski','aniketkarande592@gmail.com',0,1,'2018-09-15 00:00:00',1117367,'voluptatibus','BE','MALE','MINORITY','COMP',0,7,0,0,0,0,0,0),(72,'bcc655c02cd359cf048ac5fae21776cdfe5a5010','2018-09-15 00:00:00',0,'Ellen','Steuber','aniketkarande592@gmail.com',0,1,'2018-09-15 00:00:00',1117325,'autem','BE','MALE','OPEN','COMP',0,8,0,0,0,0,0,0),(73,'f3febd733005613308bb5dbfe5d17d3474146fca','2018-09-15 00:00:00',0,'Sophia','Okuneva','aniketkarande592@gmail.com',0,1,'2018-09-15 00:00:00',1117424,'tenetur','BE','FEMALE','OBC','IT',0,6,0,0,0,1,0,0),(74,'66acd9e7c6800762b9b3e73a7b8614da403775ed','2018-09-15 00:00:00',0,'Crawford','Quitzon','aniketkarande592@gmail.com',0,1,'2018-09-15 00:00:00',1117378,'numquam','SE','MALE','OBC','MECH',0,9,0,0,0,0,1,2),(75,'769599d4b1e13180688d6c0741cdc275bd3efd88','2018-09-15 00:00:00',0,'Rudolph','Altenwerth','aniketkarande592@gmail.com',0,1,'2018-09-15 00:00:00',1117189,'consequatur','TE','MALE','OBC','MECH',0,5,0,0,0,0,1,3),(76,'f5ac3d426eaa01701bf80301ce59c8c4ec52c593','2018-09-15 00:00:00',0,'Marge','Casper','aniketkarande592@gmail.com',0,1,'2018-09-15 00:00:00',1117387,'consectetur','FE','MALE','MINORITY','MECH',164,0,0,0,0,1,1,7),(77,'7e574ceb3ec0883040318f13e72662286d1d0581','2018-09-15 00:00:00',0,'Geo','Gerlach','aniketkarande592@gmail.com',0,1,'2018-09-15 00:00:00',1117307,'placeat','BE','FEMALE','OBC','COMP',0,10,0,0,0,1,0,0),(78,'1cc45f12fdb8fb3e3fe332e67fcf217c3a239afd','2018-09-15 00:00:00',0,'Antonia','Balistreri','aniketkarande592@gmail.com',0,1,'2018-09-15 00:00:00',1117206,'quidem','SE','FEMALE','OPEN','COMP',0,9,0,0,0,0,1,3),(79,'76124f3986e41ab95f046bea4ebc8d4621b9685b','2018-09-15 00:00:00',0,'Lauriane','Runolfsson','aniketkarande592@gmail.com',0,1,'2018-09-15 00:00:00',1117409,'quae','TE','MALE','OBC','MECH',0,7,0,0,0,0,1,3),(80,'58ec3e5df10386bfceb7c07ec033d90a380e9e90','2018-09-15 00:00:00',0,'Kelli','Hermann','aniketkarande592@gmail.com',0,1,'2018-09-15 00:00:00',1117324,'earum','BE','MALE','MINORITY','IT',0,8,0,0,0,0,0,0),(81,'fd399b55c9376b372fbbe95c52d772f8e99dcaf3','2018-09-15 00:00:00',0,'Vance','Jones','aniketkarande592@gmail.com',0,1,'2018-09-15 00:00:00',1117368,'et','BE','FEMALE','MINORITY','MECH',0,9,0,0,0,1,0,0),(82,'b4eb455a374cf4376cfdc5e067b845e8c4034360','2018-09-15 00:00:00',0,'Dayne','Bartoletti','aniketkarande592@gmail.com',0,1,'2018-09-15 00:00:00',1117411,'in','TE','MALE','OBC','COMP',0,9,0,0,0,0,1,3),(83,'be00bfa560bbaf5f08660e71cdf2444b6a23b04e','2018-09-15 00:00:00',0,'Rosalyn','Monahan','aniketkarande592@gmail.com',0,1,'2018-09-15 00:00:00',1117318,'hic','SE','FEMALE','OPEN','IT',0,9,0,0,0,0,1,3),(84,'1d32705ab4e2fe7d416fc6ccf50b31ac2b4fb525','2018-09-15 00:00:00',0,'Ottis','Nitzsche','aniketkarande592@gmail.com',0,1,'2018-09-15 00:00:00',1117216,'eum','FE','FEMALE','OBC','MECH',129,0,0,0,0,1,1,2),(85,'99aa152072eeece2e0d1f22bc441cbe851f36601','2018-09-15 00:00:00',0,'Ulises','Kunze','aniketkarande592@gmail.com',0,1,'2018-09-15 00:00:00',1117355,'atque','TE','MALE','OPEN','PLANNING',0,9,0,0,0,0,1,4),(86,'716dfdeb74cc4f9808b05dffa731475eb86864e6','2018-09-15 00:00:00',0,'Berniece','Hills','aniketkarande592@gmail.com',0,1,'2018-09-15 00:00:00',1117283,'cum','FE','MALE','OPEN','PLANNING',194,0,0,0,0,1,1,4),(87,'3c4534c3a207054d9bf591c186c11c2cff1e53e0','2018-09-15 00:00:00',0,'Maeve','Metz','aniketkarande592@gmail.com',0,1,'2018-09-15 00:00:00',1117317,'et','SE','MALE','MINORITY','IT',0,7,0,0,0,0,1,2),(88,'cbdadc42c1a1f5807a1eba2adb4f034f12f1b140','2018-09-15 00:00:00',0,'Breanne','Buckridge','aniketkarande592@gmail.com',0,1,'2018-09-15 00:00:00',1117244,'dolorem','TE','FEMALE','MINORITY','IT',0,10,0,0,0,0,0,0),(89,'9f45e1cf4ff045e5facc5f57ac6556e79e84f126','2018-09-15 00:00:00',0,'Horacio','Reynolds','aniketkarande592@gmail.com',0,1,'2018-09-15 00:00:00',1117187,'sequi','SE','MALE','OBC','IT',0,8,0,0,0,0,1,3),(90,'aa12be52eece67d8cff611a6dc1118eaa8865041','2018-09-15 00:00:00',0,'Eddie','Windler','aniketkarande592@gmail.com',0,1,'2018-09-15 00:00:00',1117391,'officia','BE','MALE','OPEN','PLANNING',0,8,0,0,0,0,0,0),(91,'b4642a86503d451172f977f0c50f94741ae515ab','2018-09-15 00:00:00',0,'Rosalee','Schinner','aniketkarande592@gmail.com',0,1,'2018-09-15 00:00:00',1117369,'saepe','TE','FEMALE','OBC','MECH',0,10,0,0,0,0,0,0),(92,'415a00d4271b53b8fe7524fcacaccd829cbe91df','2018-09-15 00:00:00',0,'Maida','Bayer','aniketkarande592@gmail.com',0,1,'2018-09-15 00:00:00',1117302,'eveniet','BE','FEMALE','OBC','MECH',0,9,0,0,0,1,0,0),(93,'a738b65e574fc09306908074c2018c96a92f2ede','2018-09-15 00:00:00',0,'Dejah','Oberbrunner','aniketkarande592@gmail.com',0,1,'2018-09-15 00:00:00',1117311,'eaque','FE','MALE','OPEN','PLANNING',136,0,0,0,0,1,1,1),(94,'9564de88f30741a6e436d1eb5cb5f339b8789499','2018-09-15 00:00:00',0,'Terry','Homenick','aniketkarande592@gmail.com',0,1,'2018-09-15 00:00:00',1117395,'voluptatem','FE','FEMALE','MINORITY','MECH',171,0,0,0,0,1,1,19),(95,'e6a2f4ac6d21a7e96ff56e98c22d34d3690e7ff9','2018-09-15 00:00:00',0,'Ettie','Robel','aniketkarande592@gmail.com',0,1,'2018-09-15 00:00:00',1117205,'aut','BE','FEMALE','OPEN','IT',0,6,0,0,0,1,0,0),(96,'90e3f54e0c856d906044e57583ff867d43d0c8d3','2018-09-15 00:00:00',0,'Hans','Mann','aniketkarande592@gmail.com',0,1,'2018-09-15 00:00:00',1117232,'eligendi','TE','FEMALE','OBC','MECH',0,7,0,0,0,0,0,0),(97,'757eb3ab0d5049a2af9cd4fdda7f92f0799c91fb','2018-09-15 00:00:00',0,'Anika','Hirthe','aniketkarande592@gmail.com',0,1,'2018-09-15 00:00:00',1117426,'et','FE','MALE','OBC','PLANNING',136,0,0,0,0,1,1,2),(98,'45917804ed2156f057f25923213f52dbe6110f5f','2018-09-15 00:00:00',0,'Garret','Swift','aniketkarande592@gmail.com',0,1,'2018-09-15 00:00:00',1117289,'dignissimos','FE','MALE','OBC','MECH',122,0,0,0,0,1,1,2),(99,'f1dea8967e0d3766044a469ed95beefed2522614','2018-09-15 00:00:00',0,'Herbert','Hartmann','aniketkarande592@gmail.com',0,1,'2018-09-15 00:00:00',1117209,'accusantium','BE','MALE','MINORITY','COMP',0,6,0,0,0,0,0,0),(100,'1556ac201fd89273f5d0593af154523127cb2399','2018-09-15 00:00:00',0,'Destiny','Langworth','aniketkarande592@gmail.com',0,1,'2018-09-15 00:00:00',1117211,'dolorem','SE','FEMALE','MINORITY','PLANNING',0,7,0,0,0,0,1,3),(101,'8c112558ceb6a4a1748486a620ad45cbf76041e3','2018-09-15 00:00:00',0,'Zelda','Schaden','aniketkarande592@gmail.com',0,1,'2018-09-15 00:00:00',1117322,'harum','TE','MALE','OPEN','PLANNING',0,7,0,0,0,0,1,4),(102,'43f3615098476402ce0e7345ec61034dc6fdcc15','2018-09-15 00:00:00',0,'Dennis','Mann','aniketkarande592@gmail.com',0,1,'2018-09-15 00:00:00',1117272,'exercitationem','TE','FEMALE','MINORITY','MECH',0,5,0,0,0,0,0,0),(103,'c92be4ed946b0b42746ef61c73f59b1b90cd1240','2018-09-15 00:00:00',0,'Jaydon','Harvey','aniketkarande592@gmail.com',0,1,'2018-09-15 00:00:00',1117271,'exercitationem','SE','FEMALE','OPEN','MECH',0,9,0,0,0,0,1,4),(104,'c1b7fa6ca8570a474fb9fbdf5e25fcd0fddf451b','2018-09-15 00:00:00',0,'Name','Grimes','aniketkarande592@gmail.com',0,1,'2018-09-15 00:00:00',1117151,'magnam','BE','MALE','MINORITY','IT',0,7,0,0,0,0,0,0),(105,'a368a38ce62156d78aef0cd9c366e9371e660a52','2018-09-15 00:00:00',0,'Wilfred','Hessel','aniketkarande592@gmail.com',0,1,'2018-09-15 00:00:00',1117320,'laboriosam','BE','MALE','MINORITY','IT',0,8,0,0,0,0,0,0),(106,'11f8c07c30f84de05b596cb377d1bdf178a4df92','2018-09-15 00:00:00',0,'Jarod','Kuphal','aniketkarande592@gmail.com',0,1,'2018-09-15 00:00:00',1117299,'tempora','FE','FEMALE','OPEN','COMP',141,0,0,0,0,1,1,2),(107,'421f35398a2f62499f60a8f0dd981c7f75454dcd','2018-09-15 00:00:00',0,'Ova','Langosh','aniketkarande592@gmail.com',0,1,'2018-09-15 00:00:00',1117180,'perspiciatis','TE','MALE','OPEN','COMP',0,5,0,0,0,0,1,4),(108,'31595cbd9ac59299ef0df75fcd15c24e99fff8da','2018-09-15 00:00:00',0,'Noble','Howell','aniketkarande592@gmail.com',0,1,'2018-09-15 00:00:00',1117434,'dolorem','FE','MALE','OPEN','COMP',171,0,0,0,0,1,1,1),(109,'4f6809c80257f983e6619ea4f9a1269248376122','2018-09-15 00:00:00',0,'Delilah','Ernser','aniketkarande592@gmail.com',0,1,'2018-09-15 00:00:00',1117342,'non','FE','FEMALE','OBC','PLANNING',145,0,0,0,0,1,1,16),(110,'8db18719fa5f8e5b162d1d1739ea24c1a9b6ccce','2018-09-15 00:00:00',0,'Damon','Jones','aniketkarande592@gmail.com',0,1,'2018-09-15 00:00:00',1117332,'perspiciatis','SE','MALE','MINORITY','MECH',0,10,0,0,0,0,1,3),(111,'407d0139c59c9f9b09bda36d8602bb29241fd8b7','2018-09-15 00:00:00',0,'Reuben','Abshire','aniketkarande592@gmail.com',0,1,'2018-09-15 00:00:00',1117336,'ut','SE','MALE','OPEN','PLANNING',0,8,0,0,0,0,1,3),(112,'29536b82611e92a534b9feadb9a2f55853008df9','2018-09-15 00:00:00',0,'Hardy','Mann','aniketkarande592@gmail.com',0,1,'2018-09-15 00:00:00',1117279,'quis','TE','MALE','OPEN','PLANNING',0,7,0,0,0,0,1,4),(113,'43dfb2c0280f47a72b4f80661ddf0a565665b791','2018-09-15 00:00:00',0,'Bradford','Kutch','aniketkarande592@gmail.com',0,1,'2018-09-15 00:00:00',1117192,'et','SE','MALE','OPEN','PLANNING',0,9,0,0,0,0,1,3),(114,'a8d6ae4a7fa88583e7bf1c4f1a6a20f6310110f6','2018-09-15 00:00:00',0,'Sonya','Monahan','aniketkarande592@gmail.com',0,1,'2018-09-15 00:00:00',1117290,'quia','TE','FEMALE','OPEN','MECH',0,9,0,0,0,0,0,0),(115,'77cda5a3f7f585df0a0a4feeb9c7efcaf833e09b','2018-09-15 00:00:00',0,'Valentine','Cruickshank','aniketkarande592@gmail.com',0,1,'2018-09-15 00:00:00',1117201,'voluptatem','TE','MALE','MINORITY','PLANNING',0,7,0,0,0,0,1,5),(116,'e3fa26c55fb65519a64b5091836437cb1650a63a','2018-09-15 00:00:00',0,'Retta','Schultz','aniketkarande592@gmail.com',0,1,'2018-09-15 00:00:00',1117349,'consequatur','TE','MALE','OPEN','COMP',0,7,0,0,0,0,1,5),(117,'c5fa9540fa395e1707b8165bfd4c8e40f58c20c4','2018-09-15 00:00:00',0,'Aaliyah','Schroeder','aniketkarande592@gmail.com',0,1,'2018-09-15 00:00:00',1117219,'aliquid','TE','MALE','OBC','PLANNING',0,9,0,0,0,0,1,5),(118,'2b74e1cd19ec9cc00c8026d91d6df331272f2068','2018-09-15 00:00:00',0,'Vernice','Mosciski','aniketkarande592@gmail.com',0,1,'2018-09-15 00:00:00',1117196,'hic','SE','FEMALE','OPEN','PLANNING',0,9,0,0,0,0,1,4),(119,'2294fedae8378427969ece8cd3878e380f5ff098','2018-09-15 00:00:00',0,'Neva','Ryan','aniketkarande592@gmail.com',0,1,'2018-09-15 00:00:00',1117381,'architecto','SE','FEMALE','OPEN','MECH',0,8,0,0,0,0,1,4),(120,'42e82cc8682c0c30f40caf221a7a509bf1cae26b','2018-09-15 00:00:00',0,'Velva','Armstrong','aniketkarande592@gmail.com',0,1,'2018-09-15 00:00:00',1117292,'quibusdam','TE','FEMALE','MINORITY','IT',0,8,0,0,0,0,0,0),(121,'a5f6c428ab2c810aa7f41a5abafa33577ffe0e0f','2018-09-15 00:00:00',0,'Garth','Kerluke','aniketkarande592@gmail.com',0,1,'2018-09-15 00:00:00',1117423,'placeat','SE','FEMALE','OBC','IT',0,10,0,0,0,0,1,4),(122,'f2608fdd59a9745d70999d4728465fb3aaeba3cd','2018-09-15 00:00:00',0,'Jillian','Shanahan','aniketkarande592@gmail.com',0,1,'2018-09-15 00:00:00',1117444,'et','FE','FEMALE','OPEN','COMP',177,0,0,0,0,1,1,5),(123,'392f589b21cb3d0ce72f4e21d9255b846e542202','2018-09-15 00:00:00',0,'Macey','Hoeger','aniketkarande592@gmail.com',0,1,'2018-09-15 00:00:00',1117169,'et','TE','MALE','OPEN','PLANNING',0,5,0,0,0,0,1,5),(124,'c23f8ea56ee5f0c1784eb8e00ecc13a45d1bae95','2018-09-15 00:00:00',0,'Velda','Gusikowski','aniketkarande592@gmail.com',0,1,'2018-09-15 00:00:00',1117403,'fugit','SE','FEMALE','MINORITY','COMP',0,9,0,0,0,0,1,5),(125,'fd2028c4307e9f8aa8b4f9ea7889e37b680af171','2018-09-15 00:00:00',0,'Wanda','Price','aniketkarande592@gmail.com',0,1,'2018-09-15 00:00:00',1117245,'delectus','BE','MALE','OBC','MECH',0,9,0,0,0,0,0,0),(126,'835720308c3bc257e66e442bdc2c3fc90b789a7a','2018-09-15 00:00:00',0,'Tre','Johnson','aniketkarande592@gmail.com',0,1,'2018-09-15 00:00:00',1117362,'ut','FE','FEMALE','MINORITY','MECH',171,0,0,0,0,1,1,2),(127,'e4050767968a513cee637cb7445e3b34e009b9ef','2018-09-15 00:00:00',0,'Rosario','Mraz','aniketkarande592@gmail.com',0,1,'2018-09-15 00:00:00',1117231,'accusamus','SE','FEMALE','OPEN','PLANNING',0,8,0,0,0,0,1,5),(128,'8888ab64384e271038147c1d28b610f7fbb6cb9b','2018-09-15 00:00:00',0,'Alexis','Mitchell','aniketkarande592@gmail.com',0,1,'2018-09-15 00:00:00',1117312,'hic','FE','MALE','OPEN','IT',187,0,0,0,0,1,1,2),(129,'76c9e0230fa5466ca6dee2e1d4f33a6cf6eca083','2018-09-15 00:00:00',0,'Orin','Yost','aniketkarande592@gmail.com',0,1,'2018-09-15 00:00:00',1117166,'officia','BE','MALE','MINORITY','IT',0,9,0,0,0,0,0,0),(130,'652e861f3ebb3d1e4c16dc65476eca62cccd6152','2018-09-15 00:00:00',0,'Edwin','Terry','aniketkarande592@gmail.com',0,1,'2018-09-15 00:00:00',1117396,'praesentium','BE','MALE','OPEN','IT',0,6,0,0,0,0,0,0),(131,'7da99dfbd4ee60c993b24f31803fdd73fe764ba5','2018-09-15 00:00:00',0,'Orion','Runolfsson','aniketkarande592@gmail.com',0,1,'2018-09-15 00:00:00',1117344,'commodi','FE','MALE','OBC','PLANNING',156,0,0,0,0,1,1,20),(132,'49dbb1127c709571758dbef97f15d1aa28dd799f','2018-09-15 00:00:00',0,'Rae','Donnelly','aniketkarande592@gmail.com',0,1,'2018-09-15 00:00:00',1117171,'tenetur','TE','FEMALE','OBC','MECH',0,6,0,0,0,0,0,0),(133,'3be5adcd6b1843df05ac51eb4df25986cff501dd','2018-09-15 00:00:00',0,'Nannie','Trantow','aniketkarande592@gmail.com',0,1,'2018-09-15 00:00:00',1117287,'ab','TE','MALE','OBC','PLANNING',0,9,0,0,0,0,1,6),(134,'366b0782c541e8aa48af45175b05914ca889fcbb','2018-09-15 00:00:00',0,'Arch','Harvey','aniketkarande592@gmail.com',0,1,'2018-09-15 00:00:00',1117375,'asperiores','SE','MALE','OPEN','IT',0,7,0,0,0,0,1,4),(135,'12ff97d1cdb425ecb5d670840d3aefceccee5d28','2018-09-15 00:00:00',0,'Andreane','Bailey','aniketkarande592@gmail.com',0,1,'2018-09-15 00:00:00',1117421,'saepe','FE','FEMALE','OPEN','PLANNING',144,0,0,0,0,1,1,20),(136,'5ad59d2701739614d111edfa7c607820034b9896','2018-09-15 00:00:00',0,'Ollie','Wolff','aniketkarande592@gmail.com',0,1,'2018-09-15 00:00:00',1117448,'doloremque','TE','FEMALE','MINORITY','MECH',0,8,0,0,0,0,0,0),(137,'ef73b99f93f00080e38281f8902ca6fe952287f1','2018-09-15 00:00:00',0,'King','Trantow','aniketkarande592@gmail.com',0,1,'2018-09-15 00:00:00',1117277,'quos','FE','FEMALE','OPEN','PLANNING',141,0,0,0,0,1,1,3),(138,'fa419d6a0597ce4a1278fa0c80693132611b6225','2018-09-15 00:00:00',0,'Adrain','Ernser','aniketkarande592@gmail.com',0,1,'2018-09-15 00:00:00',1117337,'asperiores','SE','MALE','OBC','COMP',0,8,0,0,0,0,1,4),(139,'6ba652aca14658633ec60ce1a396c952e57a8757','2018-09-15 00:00:00',0,'Rose','Gleason','aniketkarande592@gmail.com',0,1,'2018-09-15 00:00:00',1117241,'reiciendis','SE','FEMALE','MINORITY','COMP',0,8,0,0,0,0,1,5),(140,'39d9f2a7c4e983e3475c81005e9c137a2176bb41','2018-09-15 00:00:00',0,'Otha','Skiles','aniketkarande592@gmail.com',0,1,'2018-09-15 00:00:00',1117313,'distinctio','FE','FEMALE','MINORITY','IT',143,0,0,0,0,1,1,18),(141,'95bd2ce924e57c2304beb2d9d783e96bcfbc4e36','2018-09-15 00:00:00',0,'Demetris','Lynch','aniketkarande592@gmail.com',0,1,'2018-09-15 00:00:00',1117298,'ullam','FE','MALE','OBC','IT',133,0,0,0,0,1,1,6),(142,'076def09527e8ba047703afc890312cfecb7c8b0','2018-09-15 00:00:00',0,'Sandy','Hyatt','aniketkarande592@gmail.com',0,1,'2018-09-15 00:00:00',1117291,'dignissimos','FE','MALE','OBC','MECH',103,0,0,0,0,1,1,2),(143,'909ce74daced1689fd5db2cf284ba93c4ce68453','2018-09-15 00:00:00',0,'Bridget','Kris','aniketkarande592@gmail.com',0,1,'2018-09-15 00:00:00',1117265,'in','SE','MALE','MINORITY','COMP',0,5,0,0,0,0,1,4),(144,'5280048c5d36f28f1573a0be1ea5b971284422df','2018-09-15 00:00:00',0,'Vivian','Murphy','aniketkarande592@gmail.com',0,1,'2018-09-15 00:00:00',1117179,'nisi','SE','FEMALE','OPEN','IT',0,9,0,0,0,0,1,5),(145,'3a342952fda3d705ce7f4f0c06c0aa33f2fbd2ce','2018-09-15 00:00:00',0,'Lauren','Blick','aniketkarande592@gmail.com',0,1,'2018-09-15 00:00:00',1117284,'repellendus','TE','FEMALE','OBC','COMP',0,7,0,0,0,0,0,0),(146,'aeaad6ad6abc3c5b4c7540fdf0cfe013054fb125','2018-09-15 00:00:00',0,'Marcos','Senger','aniketkarande592@gmail.com',0,1,'2018-09-15 00:00:00',1117254,'quia','BE','MALE','OBC','PLANNING',0,10,0,0,0,0,0,0),(147,'e135500f50c11504b522282155889cc83b2b964c','2018-09-15 00:00:00',0,'Maegan','Bernier','aniketkarande592@gmail.com',0,1,'2018-09-15 00:00:00',1117450,'iure','TE','FEMALE','OBC','IT',0,9,0,0,0,0,0,0),(148,'c38999eb0084939b5ef81954c851a4300a38a8d2','2018-09-15 00:00:00',0,'Berry','Robel','aniketkarande592@gmail.com',0,1,'2018-09-15 00:00:00',1117316,'maiores','BE','FEMALE','OPEN','MECH',0,7,0,0,0,1,0,0),(149,'cd5c2a1f7d976b69778462ea33c908f128258cd9','2018-09-15 00:00:00',0,'Zoie','Wehner','aniketkarande592@gmail.com',0,1,'2018-09-15 00:00:00',1117350,'nobis','FE','MALE','OPEN','MECH',101,0,0,0,0,1,1,3),(150,'cc885f84a44474fc89701ef80513e9c30d5dde4c','2018-09-15 00:00:00',0,'Wilma','Will','aniketkarande592@gmail.com',0,1,'2018-09-15 00:00:00',1117242,'ipsam','FE','FEMALE','OBC','COMP',140,0,0,0,0,1,1,3),(151,'b0fef2705c8c20d79cb15f612c6e0c6259f5c3d0','2018-09-15 00:00:00',0,'Nikki','Fritsch','aniketkarande592@gmail.com',0,1,'2018-09-15 00:00:00',1117181,'illum','TE','MALE','MINORITY','COMP',0,6,0,0,0,0,1,6),(152,'69b4e87740f60c52d1a0a1bea7726deece8ffb92','2018-09-15 00:00:00',0,'Deion','Kozey','aniketkarande592@gmail.com',0,1,'2018-09-15 00:00:00',1117429,'laborum','BE','MALE','OBC','IT',0,9,0,0,0,0,0,0),(153,'f0107be1697433af4a2e3fb93868d08ff9f8bc7e','2018-09-15 00:00:00',0,'Jackie','Abernathy','aniketkarande592@gmail.com',0,1,'2018-09-15 00:00:00',1117418,'architecto','TE','FEMALE','MINORITY','IT',0,8,0,0,0,0,0,0),(154,'c51e45378d3a3748667bf52a150cdfbd54c4d7b9','2018-09-15 00:00:00',0,'Rae','Runolfsdottir','aniketkarande592@gmail.com',0,1,'2018-09-15 00:00:00',1117154,'molestiae','SE','FEMALE','MINORITY','COMP',0,5,0,0,0,0,1,6),(155,'a2713a1d695c48e22ac966b4cb4892c705308d49','2018-09-15 00:00:00',0,'Lora','Leuschke','aniketkarande592@gmail.com',0,1,'2018-09-15 00:00:00',1117326,'fugiat','FE','MALE','MINORITY','MECH',139,0,0,0,0,1,1,19),(156,'77e48b05754bd319d7e639bad4092205a2cd29bb','2018-09-15 00:00:00',0,'Bettie','Kunde','aniketkarande592@gmail.com',0,1,'2018-09-15 00:00:00',1117377,'numquam','TE','MALE','MINORITY','COMP',0,6,0,0,0,0,1,6),(157,'a3961422933cec61fc3ffa431e6a05a54e05143e','2018-09-15 00:00:00',0,'Treva','Bradtke','aniketkarande592@gmail.com',0,1,'2018-09-15 00:00:00',1117239,'ut','SE','FEMALE','OBC','MECH',0,6,0,0,0,0,1,6),(158,'36230674a39df8a135020940c787e4a83e0d1c2d','2018-09-15 00:00:00',0,'Quinton','Turcotte','aniketkarande592@gmail.com',0,1,'2018-09-15 00:00:00',1117170,'voluptatem','SE','MALE','OBC','PLANNING',0,9,0,0,0,0,1,4),(159,'8b02d69618476a5794ecbdc796626817e1683d22','2018-09-15 00:00:00',0,'Gianni','Beatty','aniketkarande592@gmail.com',0,1,'2018-09-15 00:00:00',1117406,'molestiae','FE','FEMALE','OBC','IT',115,0,0,0,0,1,1,3),(160,'7eea77a08230d74fd2125a39a181a7def38615fc','2018-09-15 00:00:00',0,'Eloy','Schuppe','aniketkarande592@gmail.com',0,1,'2018-09-15 00:00:00',1117376,'aut','BE','FEMALE','OBC','MECH',0,6,0,0,0,1,0,0),(161,'12c463c53c6c6904abf5ec151f1e6401e61ba044','2018-09-15 00:00:00',0,'Felicia','Mueller','aniketkarande592@gmail.com',0,1,'2018-09-15 00:00:00',1117314,'a','BE','FEMALE','OBC','IT',0,7,0,0,0,1,0,0),(162,'e205853292b7dce8051c985c75148297246f98d1','2018-09-15 00:00:00',0,'Nova','Stark','aniketkarande592@gmail.com',0,1,'2018-09-15 00:00:00',1117445,'inventore','FE','MALE','MINORITY','COMP',143,0,0,0,0,1,1,9),(163,'45b8f6abd7f1d02981586344ac2b6e87a1fc5ddf','2018-09-15 00:00:00',0,'Kirstin','Koss','aniketkarande592@gmail.com',0,1,'2018-09-15 00:00:00',1117202,'earum','SE','FEMALE','OPEN','PLANNING',0,8,0,0,0,0,1,6),(164,'9a9480f05a48f700c78eae3e5870087eff18206e','2018-09-15 00:00:00',0,'Nash','Wisoky','aniketkarande592@gmail.com',0,1,'2018-09-15 00:00:00',1117438,'eos','SE','FEMALE','OBC','MECH',0,8,0,0,0,0,1,6),(165,'1db18874118f6dae16303e6e9f95f3e2e6d353c3','2018-09-15 00:00:00',0,'Nicola','Cassin','aniketkarande592@gmail.com',0,1,'2018-09-15 00:00:00',1117341,'temporibus','SE','FEMALE','OBC','PLANNING',0,5,0,0,0,0,1,7),(166,'53881a72d239d469a3fdcd64712c8c3b4f52d5f6','2018-09-15 00:00:00',0,'Laurence','Mueller','aniketkarande592@gmail.com',0,1,'2018-09-15 00:00:00',1117296,'aut','SE','FEMALE','MINORITY','COMP',0,10,0,0,0,0,1,7),(167,'4786b5069fee00a3d2f3fa5c4ff4d371fcfb7818','2018-09-15 00:00:00',0,'Isaiah','Kilback','aniketkarande592@gmail.com',0,1,'2018-09-15 00:00:00',1117422,'eos','BE','FEMALE','OBC','COMP',0,8,0,0,0,1,0,0),(168,'d0243251e3d8716795cba09b8429b6ec4a28029d','2018-09-15 00:00:00',0,'Johnathon','Graham','aniketkarande592@gmail.com',0,1,'2018-09-15 00:00:00',1117400,'deleniti','BE','MALE','OBC','MECH',0,6,0,0,0,0,0,0),(169,'e69438d8fcac32dc5df4f0597f5ec317624eb696','2018-09-15 00:00:00',0,'Madelyn','Lehner','aniketkarande592@gmail.com',0,1,'2018-09-15 00:00:00',1117331,'et','TE','FEMALE','MINORITY','PLANNING',0,8,0,0,0,0,0,0),(170,'a2028da2381013b640cef8e36f243e9a38a74783','2018-09-15 00:00:00',0,'Gisselle','Gottlieb','aniketkarande592@gmail.com',0,1,'2018-09-15 00:00:00',1117305,'quis','TE','FEMALE','OPEN','PLANNING',0,9,0,0,0,0,0,0),(171,'471a35fc40cad3922a6dafaa639685182bdb0f56','2018-09-15 00:00:00',0,'Edna','Thompson','aniketkarande592@gmail.com',0,1,'2018-09-15 00:00:00',1117356,'aut','FE','FEMALE','OPEN','MECH',174,0,0,0,0,1,1,15),(172,'eb09a4af78f081937016f685af15f4a68dae017b','2018-09-15 00:00:00',0,'Anna','Lockman','aniketkarande592@gmail.com',0,1,'2018-09-15 00:00:00',1117195,'dolorem','BE','FEMALE','MINORITY','COMP',0,6,0,0,0,1,0,0),(173,'0de56b6725c05e8132377c611e9488eac2bf4d20','2018-09-15 00:00:00',0,'Precious','Mayer','aniketkarande592@gmail.com',0,1,'2018-09-15 00:00:00',1117447,'qui','FE','MALE','OBC','PLANNING',170,0,0,0,0,1,1,12),(174,'cd177f2a99371fc9934af6a184d63240045333b9','2018-09-15 00:00:00',0,'Kayleigh','Pollich','aniketkarande592@gmail.com',0,1,'2018-09-15 00:00:00',1117343,'unde','FE','FEMALE','OPEN','MECH',120,0,0,0,0,1,1,4),(175,'b501c7e6bf7d47136b7a9fa8d05742e94b2d222f','2018-09-15 00:00:00',0,'Cyril','O\'Kon','aniketkarande592@gmail.com',0,1,'2018-09-15 00:00:00',1117304,'aspernatur','TE','FEMALE','MINORITY','COMP',0,6,0,0,0,0,0,0),(176,'8387470c36e537e5c1da3bbcecb973cb79443fc3','2018-09-15 00:00:00',0,'Edna','Douglas','aniketkarande592@gmail.com',0,1,'2018-09-15 00:00:00',1117439,'corrupti','FE','FEMALE','OPEN','COMP',128,0,0,0,0,1,1,4),(177,'576a1ac308f05dc44e9a7961c4d14428f9832f62','2018-09-15 00:00:00',0,'Vanessa','West','aniketkarande592@gmail.com',0,1,'2018-09-15 00:00:00',1117431,'fugit','TE','FEMALE','MINORITY','MECH',0,6,0,0,0,0,0,0),(178,'4d2bc3ed828dd300036897b31bce48daa24c5ae0','2018-09-15 00:00:00',0,'Sylvia','Halvorson','aniketkarande592@gmail.com',0,1,'2018-09-15 00:00:00',1117417,'et','SE','MALE','OPEN','PLANNING',0,7,0,0,0,0,1,5),(179,'3672ac9a2e0fc2e5e96c0400724699504480d6c8','2018-09-15 00:00:00',0,'Emanuel','Balistreri','aniketkarande592@gmail.com',0,1,'2018-09-15 00:00:00',1117264,'molestias','TE','FEMALE','OBC','COMP',0,10,0,0,0,0,0,0),(180,'ec054d52c23296c62f8c6798576cc6d831ec1ee6','2018-09-15 00:00:00',0,'Dave','Emard','aniketkarande592@gmail.com',0,1,'2018-09-15 00:00:00',1117415,'iste','BE','MALE','OPEN','IT',0,6,0,0,0,0,0,0),(181,'f3b6cbf7ac163ce6e5823969603faf63082b35b1','2018-09-15 00:00:00',0,'Omer','Leuschke','aniketkarande592@gmail.com',0,1,'2018-09-15 00:00:00',1117257,'repudiandae','SE','FEMALE','OBC','COMP',0,7,0,0,0,0,1,7),(182,'b1800d77844f35b4142ee6a01d1e466b77979016','2018-09-15 00:00:00',0,'Connor','Beier','aniketkarande592@gmail.com',0,1,'2018-09-15 00:00:00',1117185,'asperiores','FE','MALE','MINORITY','PLANNING',139,0,0,0,0,1,1,3),(183,'2c317d279c1897641f0a7efa07455582b026d611','2018-09-15 00:00:00',0,'Lorenza','Schuster','aniketkarande592@gmail.com',0,1,'2018-09-15 00:00:00',1117354,'quidem','TE','FEMALE','OPEN','MECH',0,7,0,0,0,0,0,0),(184,'4394a4dbec84de3d1f15d2786a1455f34f6db0e9','2018-09-15 00:00:00',0,'Elliot','Doyle','aniketkarande592@gmail.com',0,1,'2018-09-15 00:00:00',1117221,'soluta','FE','FEMALE','MINORITY','IT',179,0,0,0,0,1,1,6),(185,'4da8c5a2626bd35fb501b9d557a0390169887a75','2018-09-15 00:00:00',0,'Demetris','Douglas','aniketkarande592@gmail.com',0,1,'2018-09-15 00:00:00',1117164,'nesciunt','SE','MALE','OBC','COMP',0,9,0,0,0,0,1,5),(186,'aec220893f7d9ff97ffc72456563236b0eee5cfa','2018-09-15 00:00:00',0,'Perry','Heller','aniketkarande592@gmail.com',0,1,'2018-09-15 00:00:00',1117360,'iste','TE','MALE','MINORITY','MECH',0,10,0,0,0,0,1,6),(187,'40a2b9099abcddbab2a57fbf41493a6af7270f60','2018-09-15 00:00:00',0,'Emilie','Hackett','aniketkarande592@gmail.com',0,1,'2018-09-15 00:00:00',1117379,'iusto','BE','MALE','OBC','IT',0,10,0,0,0,0,0,0),(188,'53b119aa133c5d555943ec40cc2a38789ffa5d7c','2018-09-15 00:00:00',0,'Franco','Spinka','aniketkarande592@gmail.com',0,1,'2018-09-15 00:00:00',1117237,'qui','BE','MALE','OPEN','COMP',0,9,0,0,0,0,0,0),(189,'526d44646e34071fdda5a9aa086e95e73aece64f','2018-09-15 00:00:00',0,'Kayleigh','Hagenes','aniketkarande592@gmail.com',0,1,'2018-09-15 00:00:00',1117301,'sapiente','TE','MALE','OPEN','PLANNING',0,9,0,0,0,0,1,7),(190,'edb729ecb16f6e2705985878953824ed232ba0fa','2018-09-15 00:00:00',0,'Ernestina','Lowe','aniketkarande592@gmail.com',0,1,'2018-09-15 00:00:00',1117204,'officia','TE','FEMALE','MINORITY','PLANNING',0,5,0,0,0,0,0,0),(191,'4f06871e6a37ec161eb6f304308f8cdaa8317f0f','2018-09-15 00:00:00',0,'Cedrick','Armstrong','aniketkarande592@gmail.com',0,1,'2018-09-15 00:00:00',1117223,'accusantium','BE','MALE','OPEN','PLANNING',0,6,0,0,0,0,0,0),(192,'3ca7bee9e7dee0400da98407e9b6be7e270cff41','2018-09-15 00:00:00',0,'Maynard','Kuvalis','aniketkarande592@gmail.com',0,1,'2018-09-15 00:00:00',1117248,'et','BE','MALE','OBC','PLANNING',0,8,0,0,0,0,0,0),(193,'f5f80a4581e7153b500f59f9f2b1e31ecd0fd4e1','2018-09-15 00:00:00',0,'Derrick','Huel','aniketkarande592@gmail.com',0,1,'2018-09-15 00:00:00',1117412,'ut','FE','FEMALE','OBC','MECH',170,0,0,0,0,1,1,4),(194,'44c7b456616cae313bf826547419ecdbbd414244','2018-09-15 00:00:00',0,'Raleigh','Bosco','aniketkarande592@gmail.com',0,1,'2018-09-15 00:00:00',1117175,'fugiat','TE','FEMALE','OBC','IT',0,10,0,0,0,0,0,0),(195,'d4440efaff99cd3e20c92f948bda49a8757c1ecc','2018-09-15 00:00:00',0,'Alejandra','Gibson','aniketkarande592@gmail.com',0,1,'2018-09-15 00:00:00',1117420,'ipsa','FE','MALE','OPEN','MECH',117,0,0,0,0,1,1,3),(196,'abab767d9cf9e7a2eedbb9335d2be91641e73e70','2018-09-15 00:00:00',0,'Jody','Jenkins','aniketkarande592@gmail.com',0,1,'2018-09-15 00:00:00',1117207,'autem','FE','FEMALE','MINORITY','PLANNING',179,0,0,0,0,1,1,4),(197,'da04c8c2597743b26dcf9edeef9e8313186e1477','2018-09-15 00:00:00',0,'Heidi','Walter','aniketkarande592@gmail.com',0,1,'2018-09-15 00:00:00',1117182,'ut','BE','MALE','OBC','PLANNING',0,6,0,0,0,0,0,0),(198,'ffe2d67035077c1a2afc2700b34189342bac0ed6','2018-09-15 00:00:00',0,'Dawson','Kuhic','aniketkarande592@gmail.com',0,1,'2018-09-15 00:00:00',1117188,'laborum','FE','MALE','OPEN','PLANNING',104,0,0,0,0,0,1,4),(199,'bc511022672114a22ea52ff1cfa2446d78bda566','2018-09-15 00:00:00',0,'Dariana','Torp','aniketkarande592@gmail.com',0,1,'2018-09-15 00:00:00',1117288,'et','BE','FEMALE','OBC','MECH',0,7,0,0,0,1,0,0),(200,'5f851212e2d0a24686e4e9d0cf2e0e65e7bfebd3','2018-09-15 00:00:00',0,'Wilbert','Kilback','aniketkarande592@gmail.com',0,1,'2018-09-15 00:00:00',1117177,'earum','SE','MALE','OPEN','COMP',0,9,0,0,0,0,1,5),(201,'b887b1e64c86b697270d7121c59506688516cc25','2018-09-15 00:00:00',0,'Herman','Bernhard','aniketkarande592@gmail.com',0,1,'2018-09-15 00:00:00',1117214,'numquam','SE','FEMALE','OPEN','PLANNING',0,5,0,0,0,0,1,7),(202,'1958ec11ca25a8387f624631a4f143cf978284b8','2018-09-15 00:00:00',0,'Nestor','Gusikowski','aniketkarande592@gmail.com',0,1,'2018-09-15 00:00:00',1117168,'corrupti','FE','MALE','OPEN','MECH',181,0,0,0,0,1,1,3),(203,'b3c7e14bbf5d2fefeffc281e42f1697feec89bae','2018-09-15 00:00:00',0,'Thora','Parisian','aniketkarande592@gmail.com',0,1,'2018-09-15 00:00:00',1117346,'aspernatur','TE','FEMALE','OBC','MECH',0,6,0,0,0,0,0,0),(204,'4fc6476a38b399933613abf13b64179054c5a30f','2018-09-15 00:00:00',0,'Carlie','Simonis','aniketkarande592@gmail.com',0,1,'2018-09-15 00:00:00',1117200,'dignissimos','BE','FEMALE','MINORITY','COMP',0,10,0,0,0,1,0,0),(205,'5be49065252c40937aa7452b54571434836d3246','2018-09-15 00:00:00',0,'Dallas','Gaylord','aniketkarande592@gmail.com',0,1,'2018-09-15 00:00:00',1117191,'qui','BE','MALE','OBC','PLANNING',0,8,0,0,0,0,0,0),(206,'a159e7d0d9104e39c0ae587a4c88334de69a2a13','2018-09-15 00:00:00',0,'Jarod','Moore','aniketkarande592@gmail.com',0,1,'2018-09-15 00:00:00',1117428,'est','BE','FEMALE','OBC','MECH',0,7,0,0,0,1,0,0),(207,'174dbe6e1da5f05600473224488c00edbd962618','2018-09-15 00:00:00',0,'Tod','Jacobson','aniketkarande592@gmail.com',0,1,'2018-09-15 00:00:00',1117165,'aut','FE','FEMALE','OPEN','COMP',151,0,0,0,0,1,1,5),(208,'e98d20a858c0ab8e82e5868f0f021e98a76709d4','2018-09-15 00:00:00',0,'Angus','Pouros','aniketkarande592@gmail.com',0,1,'2018-09-15 00:00:00',1117339,'enim','FE','MALE','OPEN','COMP',136,0,0,0,0,1,1,17),(209,'1cbec3a2fe889ea64a87c21fc9cab81143dbf61a','2018-09-15 00:00:00',0,'Rowena','Koepp','aniketkarande592@gmail.com',0,1,'2018-09-15 00:00:00',1117432,'tenetur','TE','MALE','OBC','COMP',0,10,0,0,0,0,1,7),(210,'e2bfb73de9a1fe712f39f1aa376b8ec0b97eccb7','2018-09-15 00:00:00',0,'Noble','Hermann','aniketkarande592@gmail.com',0,1,'2018-09-15 00:00:00',1117371,'corporis','BE','MALE','OBC','PLANNING',0,7,0,0,0,0,0,0),(211,'939ba9eb4e9262a4609a2ab8312dcfb925bb4268','2018-09-15 00:00:00',0,'Brice','Trantow','aniketkarande592@gmail.com',0,1,'2018-09-15 00:00:00',1117353,'necessitatibus','TE','FEMALE','OPEN','IT',0,8,0,0,0,0,0,0),(212,'8d50c4d6dd200feaf88d47fc06eedf2f198d9ff8','2018-09-15 00:00:00',0,'Eliezer','Crona','aniketkarande592@gmail.com',0,1,'2018-09-15 00:00:00',1117404,'voluptas','BE','FEMALE','OBC','COMP',0,9,0,0,0,1,0,0),(213,'40e0c6fd01793f5c41fdf86cf9ccb464af6d66c9','2018-09-15 00:00:00',0,'Mckenna','Gislason','aniketkarande592@gmail.com',0,1,'2018-09-15 00:00:00',1117156,'eum','BE','FEMALE','MINORITY','IT',0,7,0,0,0,1,0,0),(214,'fa5f035668b940430f4359ceca26bc1e7a54e83e','2018-09-15 00:00:00',0,'Lemuel','Will','aniketkarande592@gmail.com',0,1,'2018-09-15 00:00:00',1117267,'ipsam','BE','MALE','OPEN','COMP',0,7,0,0,0,0,0,0),(215,'a4941fad265aa5b42839f8320fe5cdfd9ad3d269','2018-09-15 00:00:00',0,'Erica','Medhurst','aniketkarande592@gmail.com',0,1,'2018-09-15 00:00:00',1117160,'ea','TE','FEMALE','MINORITY','PLANNING',0,10,0,0,0,0,0,0),(216,'7cfb259cccce438ee30894871d9cba7c4a4a3c9c','2018-09-15 00:00:00',0,'Sasha','Romaguera','aniketkarande592@gmail.com',0,1,'2018-09-15 00:00:00',1117321,'itaque','FE','FEMALE','OPEN','COMP',172,0,0,0,0,1,1,9),(217,'9341bb887ccf570385c0bc5f609d58f570158b00','2018-09-15 00:00:00',0,'Sam','Klocko','aniketkarande592@gmail.com',0,1,'2018-09-15 00:00:00',1117399,'architecto','BE','FEMALE','MINORITY','PLANNING',0,5,0,0,0,1,0,0),(218,'27159ecdebcfd2b59a395443bf8c8aae51e443d3','2018-09-15 00:00:00',0,'Luther','Cartwright','aniketkarande592@gmail.com',0,1,'2018-09-15 00:00:00',1117163,'optio','BE','FEMALE','MINORITY','MECH',0,9,0,0,0,1,0,0),(219,'ac317c54f8bed0bd949f08bbdb33b101563aed8a','2018-09-15 00:00:00',0,'Pauline','Aufderhar','aniketkarande592@gmail.com',0,1,'2018-09-15 00:00:00',1117430,'unde','BE','FEMALE','MINORITY','MECH',0,6,0,0,0,1,0,0),(220,'712a496166c82cec2bf1f03fc71f6c8ec18ecf0e','2018-09-15 00:00:00',0,'Duncan','Runolfsdottir','aniketkarande592@gmail.com',0,1,'2018-09-15 00:00:00',1117414,'corrupti','FE','FEMALE','MINORITY','PLANNING',168,0,0,0,0,1,1,12),(221,'419b4d94a336800020a92d31b79380606f7f2c0e','2018-09-15 00:00:00',0,'Kallie','Toy','aniketkarande592@gmail.com',0,1,'2018-09-15 00:00:00',1117224,'aut','BE','FEMALE','OPEN','PLANNING',0,8,0,0,0,1,0,0),(222,'ea3ff2b6b3c1fd2b639c3dd41ac7aff0b92beee6','2018-09-15 00:00:00',0,'Rosalind','Lind','aniketkarande592@gmail.com',0,1,'2018-09-15 00:00:00',1117213,'debitis','BE','MALE','MINORITY','PLANNING',0,10,0,0,0,0,0,0),(223,'a8cd4e376ce280b7ec0d68284ba7447cedf48fb2','2018-09-15 00:00:00',0,'Soledad','Weber','aniketkarande592@gmail.com',0,1,'2018-09-15 00:00:00',1117335,'distinctio','SE','FEMALE','OBC','IT',0,9,0,0,0,0,1,8),(224,'25acac28c08ab9645c0da913d3200b1e70f455dc','2018-09-15 00:00:00',0,'Katrina','Casper','aniketkarande592@gmail.com',0,1,'2018-09-15 00:00:00',1117275,'dolorem','BE','FEMALE','OPEN','COMP',0,8,0,0,0,1,0,0),(225,'8dcf936dba67f17389e5e982639601b698670d44','2018-09-15 00:00:00',0,'Ewell','Mante','aniketkarande592@gmail.com',0,1,'2018-09-15 00:00:00',1117327,'nihil','SE','FEMALE','OBC','MECH',0,6,0,0,0,0,1,8),(226,'8cec54366dc0a0fef81f5148f54273ebf64f51cc','2018-09-15 00:00:00',0,'Garret','Witting','aniketkarande592@gmail.com',0,1,'2018-09-15 00:00:00',1117173,'dolor','FE','FEMALE','OBC','IT',156,0,0,0,0,1,1,10),(227,'f65b8218458a2bad130acf232210fc4ef994b1c2','2018-09-15 00:00:00',0,'Else','Predovic','aniketkarande592@gmail.com',0,1,'2018-09-15 00:00:00',1117380,'fuga','TE','MALE','MINORITY','MECH',0,8,0,0,0,0,1,7),(228,'103af14dc55e3225f6a9d0f305b9410a9b823524','2018-09-15 00:00:00',0,'Maya','Feil','aniketkarande592@gmail.com',0,1,'2018-09-15 00:00:00',1117243,'dignissimos','TE','MALE','MINORITY','IT',0,6,0,0,0,0,1,7),(229,'68176c6c806b9a9f0912e5d0af28214084309ab8','2018-09-15 00:00:00',0,'Granville','Kshlerin','aniketkarande592@gmail.com',0,1,'2018-09-15 00:00:00',1117293,'ea','TE','MALE','MINORITY','IT',0,9,0,0,0,0,1,8),(230,'9e3a45b8050dab0351aa38dc961d669b53667d36','2018-09-15 00:00:00',0,'Ramona','Gleichner','aniketkarande592@gmail.com',0,1,'2018-09-15 00:00:00',1117174,'quis','SE','FEMALE','OBC','IT',0,8,0,0,0,0,1,8),(231,'74be150b2dba7d17b01d993654c618783e4bc7ba','2018-09-15 00:00:00',0,'Christop','Kshlerin','aniketkarande592@gmail.com',0,1,'2018-09-15 00:00:00',1117236,'iste','TE','MALE','OPEN','PLANNING',0,6,0,0,0,0,1,8),(232,'932c9b966e1c9d6abfbc404147ea09218f8de666','2018-09-15 00:00:00',0,'Marietta','Rutherford','aniketkarande592@gmail.com',0,1,'2018-09-15 00:00:00',1117197,'deleniti','TE','MALE','OPEN','COMP',0,6,0,0,0,0,1,8),(233,'0a6587dfe755ad5337f4d2f495abf0ad94ca792f','2018-09-15 00:00:00',0,'Larue','Shields','aniketkarande592@gmail.com',0,1,'2018-09-15 00:00:00',1117184,'nostrum','BE','FEMALE','OPEN','COMP',0,8,0,0,0,1,0,0),(234,'08ae8ddbbcfa993bf9dbcf3042a8315fcad8f61e','2018-09-15 00:00:00',0,'Davonte','Boyer','aniketkarande592@gmail.com',0,1,'2018-09-15 00:00:00',1117407,'voluptas','FE','MALE','MINORITY','IT',142,0,0,0,0,1,1,4),(235,'1ad678a92fdbaa74fe466c7383494700179e0db2','2018-09-15 00:00:00',0,'Donna','Casper','aniketkarande592@gmail.com',0,1,'2018-09-15 00:00:00',1117228,'repellat','TE','MALE','OPEN','IT',0,8,0,0,0,0,1,8),(236,'00e96890874909fbe2d0b83014ba7bc5341bd8f3','2018-09-15 00:00:00',0,'Christ','Nitzsche','aniketkarande592@gmail.com',0,1,'2018-09-15 00:00:00',1117401,'alias','SE','FEMALE','MINORITY','IT',0,9,0,0,0,0,1,8),(237,'01f3c4d2d84aaa3f376d5d1669f060afa4a31e00','2018-09-15 00:00:00',0,'Else','Reinger','aniketkarande592@gmail.com',0,1,'2018-09-15 00:00:00',1117370,'commodi','BE','MALE','OPEN','MECH',0,10,0,0,0,0,0,0),(238,'1ba3ddfc06492f4362793398a48112c6d1b9d687','2018-09-15 00:00:00',0,'Kayleigh','Collins','aniketkarande592@gmail.com',0,1,'2018-09-15 00:00:00',1117382,'veniam','BE','FEMALE','OPEN','COMP',0,10,0,0,0,1,0,0),(239,'9c1500427dc78b23308e53bfd2855d205963798a','2018-09-15 00:00:00',0,'Tressie','Morissette','aniketkarande592@gmail.com',0,1,'2018-09-15 00:00:00',1117238,'nisi','TE','FEMALE','MINORITY','IT',0,7,0,0,0,0,0,0),(240,'5cf2463ac731fdb59fbecd7736d7a23ac7d92ff2','2018-09-15 00:00:00',0,'Shanel','Jacobi','aniketkarande592@gmail.com',0,1,'2018-09-15 00:00:00',1117435,'pariatur','SE','FEMALE','OPEN','IT',0,5,0,0,0,0,1,9),(241,'ef73bb0d97c464b3ab77b45bac28c2909e983e51','2018-09-15 00:00:00',0,'Wava','Emmerich','aniketkarande592@gmail.com',0,1,'2018-09-15 00:00:00',1117198,'et','BE','MALE','OBC','COMP',0,5,0,0,0,0,0,0),(242,'a9ad34591fb085a0e0c997dcecd5e6723fd6a21e','2018-09-15 00:00:00',0,'Ruby','Stroman','aniketkarande592@gmail.com',0,1,'2018-09-15 00:00:00',1117167,'laudantium','FE','MALE','OBC','MECH',163,0,0,0,0,1,1,15),(243,'d6dee7cb7c505ec1fae92bd9adf51e62f4ffe860','2018-09-15 00:00:00',0,'Pietro','Murray','aniketkarande592@gmail.com',0,1,'2018-09-15 00:00:00',1117222,'soluta','FE','FEMALE','OPEN','PLANNING',124,0,0,0,0,1,1,5),(244,'0e3cf5a39491c89b0ed11457b43a21cbf8ca4b8e','2018-09-15 00:00:00',0,'Efrain','Crist','aniketkarande592@gmail.com',0,1,'2018-09-15 00:00:00',1117251,'sed','BE','MALE','MINORITY','PLANNING',0,9,0,0,0,0,0,0),(245,'693f6c7d8e37eec68f24c9ca0ddad2e7c90e858e','2018-09-15 00:00:00',0,'Enrico','O\'Kon','aniketkarande592@gmail.com',0,1,'2018-09-15 00:00:00',1117440,'vel','TE','FEMALE','OPEN','COMP',0,5,0,0,0,0,0,0),(246,'66246dc83e002ce132add493e312e27ad7c50df3','2018-09-15 00:00:00',0,'Erick','Cormier','aniketkarande592@gmail.com',0,1,'2018-09-15 00:00:00',1117410,'excepturi','SE','MALE','OPEN','PLANNING',0,9,0,0,0,0,1,5),(247,'52854d04f9da4b7c39ff6d80497f2f3bdd4d632e','2018-09-15 00:00:00',0,'Stevie','Koss','aniketkarande592@gmail.com',0,1,'2018-09-15 00:00:00',1117249,'dolorem','BE','FEMALE','OBC','MECH',0,6,0,0,0,1,0,0),(248,'818bee0d75426f2ac6f1946b43a8b938afe53b0d','2018-09-15 00:00:00',0,'Karianne','Emard','aniketkarande592@gmail.com',0,1,'2018-09-15 00:00:00',1117393,'aut','SE','FEMALE','OPEN','IT',0,6,0,0,0,0,1,9),(249,'2a606cead3b6bfb38c215935448442725813b2ba','2018-09-15 00:00:00',0,'Eldon','Blanda','aniketkarande592@gmail.com',0,1,'2018-09-15 00:00:00',1117282,'labore','TE','MALE','OPEN','COMP',0,8,0,0,0,0,1,9),(250,'b61faac884eb732ad4176a471533ef6a548ba5bb','2018-09-15 00:00:00',0,'Kayla','Hartmann','aniketkarande592@gmail.com',0,1,'2018-09-15 00:00:00',1117315,'qui','SE','FEMALE','MINORITY','PLANNING',0,7,0,0,0,0,1,9),(251,'7b95914d3775cd0c2348f7f24a9d20dc3b8c4f96','2018-09-15 00:00:00',0,'Sim','Doyle','aniketkarande592@gmail.com',0,1,'2018-09-15 00:00:00',1117235,'quo','TE','MALE','OPEN','IT',0,8,0,0,0,0,1,9),(252,'e1fcb0bf1e0a6a5dea915cd741985bb35944032a','2018-09-15 00:00:00',0,'Imogene','Wolff','aniketkarande592@gmail.com',0,1,'2018-09-15 00:00:00',1117233,'voluptas','BE','MALE','OBC','MECH',0,9,0,0,0,0,0,0),(253,'afbce53b8a40c363a04a2c54a1b0221a03fb17e8','2018-09-15 00:00:00',0,'Omer','Mann','aniketkarande592@gmail.com',0,1,'2018-09-15 00:00:00',1117253,'laborum','FE','MALE','OPEN','IT',171,0,0,0,0,1,1,10),(254,'f8a9c6287b3ea8a9332c39eaca03cc60ed555e7f','2018-09-15 00:00:00',0,'Hazel','Batz','aniketkarande592@gmail.com',0,1,'2018-09-15 00:00:00',1117193,'veniam','TE','MALE','OBC','MECH',0,5,0,0,0,0,1,9),(255,'ccb7b985a68b7b42c4b6f5f7b2f1ccfc77cab504','2018-09-15 00:00:00',0,'Darius','Toy','aniketkarande592@gmail.com',0,1,'2018-09-15 00:00:00',1117215,'velit','TE','FEMALE','MINORITY','IT',0,9,0,0,0,0,0,0),(256,'6cd851028a8a8ccbde85155871736d3c9a68ad12','2018-09-15 00:00:00',0,'Amber','Hilll','aniketkarande592@gmail.com',0,1,'2018-09-15 00:00:00',1117436,'nulla','FE','MALE','OPEN','PLANNING',121,0,0,0,0,0,1,4),(257,'5f6cdee83740b9b3aac651bf1502c461a672e5af','2018-09-15 00:00:00',0,'Mireya','Walter','aniketkarande592@gmail.com',0,1,'2018-09-15 00:00:00',1117247,'illum','FE','FEMALE','OPEN','MECH',196,0,0,0,0,1,1,3),(258,'a69b59f611fcf83e2299f37f087fee853c6b2bec','2018-09-15 00:00:00',0,'Judge','Wyman','aniketkarande592@gmail.com',0,1,'2018-09-15 00:00:00',1117278,'distinctio','FE','MALE','OPEN','COMP',117,0,0,0,0,1,1,5),(259,'6afd5728f5516201f33ac67240f511c63b7f415f','2018-09-15 00:00:00',0,'David','Raynor','aniketkarande592@gmail.com',0,1,'2018-09-15 00:00:00',1117359,'quis','SE','FEMALE','MINORITY','MECH',0,6,0,0,0,0,1,9),(260,'edcc46d85ddc4ac7b30d1c302b39afe21ce05bd2','2018-09-15 00:00:00',0,'Mike','Connelly','aniketkarande592@gmail.com',0,1,'2018-09-15 00:00:00',1117240,'vel','SE','FEMALE','OPEN','COMP',0,8,0,0,0,0,1,10),(261,'f183c894268655e0c6922669524b15c4d2c61928','2018-09-15 00:00:00',0,'Krystina','Nicolas','aniketkarande592@gmail.com',0,1,'2018-09-15 00:00:00',1117303,'id','SE','FEMALE','OBC','MECH',0,10,0,0,0,0,1,10),(262,'f6b166148faf7ca919e4958b5062207c2d7d5ba4','2018-09-15 00:00:00',0,'Norris','Denesik','aniketkarande592@gmail.com',0,1,'2018-09-15 00:00:00',1117386,'in','TE','MALE','OBC','PLANNING',0,9,0,0,0,0,1,9),(263,'a4615826d87d9413718ce8f2fffeaac79fe18741','2018-09-15 00:00:00',0,'Reynold','Rodriguez','aniketkarande592@gmail.com',0,1,'2018-09-15 00:00:00',1117347,'inventore','FE','MALE','OBC','PLANNING',152,0,0,0,0,1,1,5),(264,'2e8cc867b53bfeaa314df3b39079b357a83c2f21','2018-09-15 00:00:00',0,'Rahsaan','Lemke','aniketkarande592@gmail.com',0,1,'2018-09-15 00:00:00',1117352,'natus','SE','MALE','MINORITY','MECH',0,6,0,0,0,0,1,6),(265,'35147b65510810056f8736e6fe71d1e7dd5bdd82','2018-09-15 00:00:00',0,'Amina','Leffler','aniketkarande592@gmail.com',0,1,'2018-09-15 00:00:00',1117361,'sit','TE','MALE','OPEN','PLANNING',0,7,0,0,0,0,1,10),(266,'0badd3f60e506b5680e09e6c68f28e8f8043cbea','2018-09-15 00:00:00',0,'Anahi','Kshlerin','aniketkarande592@gmail.com',0,1,'2018-09-15 00:00:00',1117433,'temporibus','TE','FEMALE','OPEN','PLANNING',0,6,0,0,0,0,0,0),(267,'f90cac7c2f9652ddec8a94bc33933fe0662000c5','2018-09-15 00:00:00',0,'Akeem','Bruen','aniketkarande592@gmail.com',0,1,'2018-09-15 00:00:00',1117220,'ut','BE','MALE','OPEN','COMP',0,5,0,0,0,0,0,0),(268,'36794392f8a1e7924e3dd234b43d98057bb13d5a','2018-09-15 00:00:00',0,'Jarod','Baumbach','aniketkarande592@gmail.com',0,1,'2018-09-15 00:00:00',1117402,'aliquid','FE','FEMALE','MINORITY','PLANNING',100,0,0,0,0,1,1,5),(269,'000d3ba89478637aa603e19d3d9a556634a15ab5','2018-09-15 00:00:00',0,'Bo','Howell','aniketkarande592@gmail.com',0,1,'2018-09-15 00:00:00',1117217,'commodi','BE','FEMALE','MINORITY','COMP',0,10,0,0,0,1,0,0),(270,'cc0cd11633b227a874eda6db8818754440ae76a9','2018-09-15 00:00:00',0,'Antonina','Dooley','aniketkarande592@gmail.com',0,1,'2018-09-15 00:00:00',1117319,'in','BE','MALE','MINORITY','COMP',0,7,0,0,0,0,0,0),(271,'5b3769e7d55781fc5d11a07abf8d9eb80883a52b','2018-09-15 00:00:00',0,'Jerad','Haley','aniketkarande592@gmail.com',0,1,'2018-09-15 00:00:00',1117285,'accusamus','SE','MALE','OBC','PLANNING',0,8,0,0,0,0,1,6),(272,'2e57dcb5bb6f899ca176347db016786a25575fc8','2018-09-15 00:00:00',0,'Camylle','Gusikowski','aniketkarande592@gmail.com',0,1,'2018-09-15 00:00:00',1117269,'aliquid','SE','FEMALE','OPEN','COMP',0,7,0,0,0,0,1,10),(273,'469f528c72283292765762a84c3570a8333ca13f','2018-09-15 00:00:00',0,'Dovie','Emard','aniketkarande592@gmail.com',0,1,'2018-09-15 00:00:00',1117176,'quisquam','TE','FEMALE','OPEN','IT',0,7,0,0,0,0,0,0),(274,'5fa7658abfeedefdec8a8b3362ded2acb67f2612','2018-09-15 00:00:00',0,'Robbie','Crooks','aniketkarande592@gmail.com',0,1,'2018-09-15 00:00:00',1117276,'officia','BE','FEMALE','OPEN','MECH',0,8,0,0,0,0,0,0),(275,'e91e75ee14073f09454114bb5282ea7fe4d8932e','2018-09-15 00:00:00',0,'Agustina','Bins','aniketkarande592@gmail.com',0,1,'2018-09-15 00:00:00',1117225,'doloribus','FE','FEMALE','OPEN','COMP',171,0,0,0,0,1,1,13),(276,'90c6f70e5cf3d7e2c535d3b4d2c180609d0ad0ba','2018-09-15 00:00:00',0,'Anibal','Ritchie','aniketkarande592@gmail.com',0,1,'2018-09-15 00:00:00',1117150,'magnam','TE','FEMALE','MINORITY','COMP',0,7,0,0,0,0,0,0),(277,'dd7a7e0949093d562424c77721098086fc28dc8d','2018-09-15 00:00:00',0,'Tyshawn','Kilback','aniketkarande592@gmail.com',0,1,'2018-09-15 00:00:00',1117345,'et','TE','MALE','MINORITY','COMP',0,7,0,0,0,0,1,10),(278,'7b2235e2e52760fdf5b24602d99a9fb0fd0d7f2f','2018-09-15 00:00:00',0,'Derrick','Dare','aniketkarande592@gmail.com',0,1,'2018-09-15 00:00:00',1117338,'eos','SE','MALE','OPEN','MECH',0,9,0,0,0,0,1,6),(279,'8ad1daec6c91ace9158325b22fa5d324dbf49061','2018-09-15 00:00:00',0,'Demarco','Kiehn','aniketkarande592@gmail.com',0,1,'2018-09-15 00:00:00',1117443,'odio','TE','MALE','OPEN','COMP',0,9,0,0,0,0,1,10),(280,'1a6618d97a817d7ecae3bbbd9e7280edce74d1ce','2018-09-15 00:00:00',0,'Dorothea','Kessler','aniketkarande592@gmail.com',0,1,'2018-09-15 00:00:00',1117390,'ipsa','FE','MALE','MINORITY','IT',128,0,0,0,0,1,1,5),(281,'be3c7109198be848b9fdf81326d1545e5f65b28d','2018-09-15 00:00:00',0,'Jules','Herman','aniketkarande592@gmail.com',0,1,'2018-09-15 00:00:00',1117210,'enim','TE','FEMALE','OBC','IT',0,7,0,0,0,0,0,0),(282,'f4e593500efaa86c3cf876aea588106f1ffe51c3','2018-09-15 00:00:00',0,'Einar','Bradtke','aniketkarande592@gmail.com',0,1,'2018-09-15 00:00:00',1117427,'distinctio','BE','FEMALE','OPEN','IT',0,6,0,0,0,1,0,0),(283,'74143959247b34ae390631785572f6797baa9caf','2018-09-15 00:00:00',0,'Audrey','Windler','aniketkarande592@gmail.com',0,1,'2018-09-15 00:00:00',1117358,'similique','TE','FEMALE','MINORITY','PLANNING',0,8,0,0,0,0,0,0),(284,'da3fcb7f91f5cadb8161b52ad4ce551dfbbd74b5','2018-09-15 00:00:00',0,'Aubree','Cruickshank','aniketkarande592@gmail.com',0,1,'2018-09-15 00:00:00',1117208,'nesciunt','TE','FEMALE','OBC','MECH',0,9,0,0,0,0,0,0),(285,'b341f1b46f8046ee31c5f550ac64abfa26978692','2018-09-15 00:00:00',0,'Leland','Strosin','aniketkarande592@gmail.com',0,1,'2018-09-15 00:00:00',1117268,'autem','SE','MALE','OBC','COMP',0,10,0,0,0,0,1,6),(286,'32e26c80205b00412c112d94177b8c75834a80e1','2018-09-15 00:00:00',0,'Luella','Schroeder','aniketkarande592@gmail.com',0,1,'2018-09-15 00:00:00',1117441,'dolor','FE','FEMALE','MINORITY','PLANNING',177,0,0,0,0,1,1,8),(287,'eb100a3f45ee0eeb0f245bc577b8ce6c4cdbf730','2018-09-15 00:00:00',0,'Pascale','Gerlach','aniketkarande592@gmail.com',0,1,'2018-09-15 00:00:00',1117328,'quam','BE','MALE','MINORITY','PLANNING',0,5,0,0,0,0,0,0),(288,'b312cd47fcb10f63efd6839406441cf146420386','2018-09-15 00:00:00',0,'Lonie','Herzog','aniketkarande592@gmail.com',0,1,'2018-09-15 00:00:00',1117363,'porro','BE','FEMALE','MINORITY','MECH',0,8,0,0,0,1,0,0),(289,'79c04216b5b892446246b70e7f0344b52705a90a','2018-09-15 00:00:00',0,'Alda','Reynolds','aniketkarande592@gmail.com',0,1,'2018-09-15 00:00:00',1117397,'maiores','SE','MALE','MINORITY','PLANNING',0,6,0,0,0,0,1,7),(290,'b9cc91affe7311791ee5825c40c0482a1609ea47','2018-09-15 00:00:00',0,'Rosie','Balistreri','aniketkarande592@gmail.com',0,1,'2018-09-15 00:00:00',1117295,'aut','FE','MALE','OPEN','MECH',164,0,0,0,0,1,1,11),(291,'52e76d505e666ffc4b60a168d280e452b09da71f','2018-09-15 00:00:00',0,'Alisha','Fisher','aniketkarande592@gmail.com',0,1,'2018-09-15 00:00:00',1117260,'libero','FE','MALE','MINORITY','COMP',140,0,0,0,0,1,1,13),(292,'cc55cd65d03f48f2571cafa3733266e3645169af','2018-09-15 00:00:00',0,'Madelyn','Jacobi','aniketkarande592@gmail.com',0,1,'2018-09-15 00:00:00',1117256,'iure','TE','MALE','OBC','PLANNING',0,7,0,0,0,0,1,10),(293,'5ce98a2fa00a9bf71176310db0dd44f202e44069','2018-09-15 00:00:00',0,'Kellen','Runte','aniketkarande592@gmail.com',0,1,'2018-09-15 00:00:00',1117155,'omnis','FE','MALE','MINORITY','IT',140,0,0,0,0,1,1,6),(294,'a01242ab0d2ff7573fd0684fd3e623f1617cd730','2018-09-15 00:00:00',0,'Assunta','Hammes','aniketkarande592@gmail.com',0,1,'2018-09-15 00:00:00',1117392,'occaecati','TE','FEMALE','OPEN','MECH',0,9,0,0,0,0,0,0),(295,'2511450768845de8a016d6faab07fe4baf04bf5f','2018-09-15 00:00:00',0,'Yvonne','Hermiston','aniketkarande592@gmail.com',0,1,'2018-09-15 00:00:00',1117274,'inventore','SE','FEMALE','OBC','COMP',0,6,0,0,0,0,1,10),(296,'568f123696c095029031f3924bc0251925d9316c','2018-09-15 00:00:00',0,'Eunice','Oberbrunner','aniketkarande592@gmail.com',0,1,'2018-09-15 00:00:00',1117329,'maiores','SE','MALE','OPEN','PLANNING',0,10,0,0,0,0,1,7),(297,'ee1d6fa37227b8b57ba6ed7c39cda459a0cdd66b','2018-09-15 00:00:00',0,'Glen','Jenkins','aniketkarande592@gmail.com',0,1,'2018-09-15 00:00:00',1117190,'ducimus','FE','MALE','MINORITY','IT',166,0,0,0,0,1,1,14),(298,'eaab47e89f82a514e34602e8e94022ae7c228889','2018-09-15 00:00:00',0,'Philip','Fisher','aniketkarande592@gmail.com',0,1,'2018-09-15 00:00:00',1117159,'aliquam','SE','FEMALE','MINORITY','COMP',0,7,0,0,0,0,1,11),(299,'95e86369201a38ede7f51930264d15944e303d44','2018-09-15 00:00:00',0,'Ryley','Lebsack','aniketkarande592@gmail.com',0,1,'2018-09-15 00:00:00',1117270,'est','FE','MALE','OBC','MECH',129,0,0,0,0,1,1,7),(300,'3040ac75af665ed4dc06ea831e5a96082561f55b','2018-09-15 00:00:00',0,'Frida','Watsica','aniketkarande592@gmail.com',0,1,'2018-09-15 00:00:00',1117266,'asperiores','FE','MALE','OPEN','IT',112,0,0,0,0,0,1,7),(301,'pbkdf2_sha256$100000$PeuZ2kINg3Gk$/XAxiQ1MsM0L4k+Apc8UZS2zLyPagXuQ3N0gxqA6qKE=','2018-09-15 11:19:13',0,'','','aniketkarande592@gmail.com',0,1,'2018-09-15 07:35:30',1116245,'minima','SE','MALE','OBC','COMP',0,7.9,0,0,0,0,1,7),(302,'pbkdf2_sha256$100000$RjmJKsW4Yshz$VdlQeXK3A/npPymnFZ9BxRMa4KoZLwJweJCBOW+LbOQ=','2018-09-15 11:26:10',0,'','','aniketkarande592@gmail.com 	',0,1,'2018-09-15 11:25:10',1116252,'quasi','SE','FEMALE','OPEN','IT',0,8.89,1117372,1117334,1117306,0,1,11),(303,'pbkdf2_sha256$100000$cHqyeoOCAVmq$299QydHBBRGyNdiu9BZZUpnUKWctEKKNlrMHFl7M6NE=',NULL,0,'','','carter.schaden@example.or',0,0,'2018-09-16 06:44:40',1116375,'nulla','TE','FEMALE','MINORITY','COMP',0,7.25,0,0,0,0,0,0),(304,'pbkdf2_sha256$100000$rrCRmUjtbuq7$euZhVHPMxW61/0io08i6TfpuY1ZkXsxVlTvqbnGCJXs=','2018-09-16 07:46:40',0,'','','cgawande12@gmail.com',0,1,'2018-09-16 06:50:20',1116333,'fugit','SE','MALE','MINORITY','IT',0,9.75,1117300,1117334,1117272,0,0,0),(305,'pbkdf2_sha256$100000$FbxlvY1nMmtS$wygM8mVaJDnjpm9NHlAM8IIiSbvMH0NAy3wPIaE66sU=','2018-09-16 09:51:27',1,'','','cgawande12@gmail.com',1,1,'2018-09-16 07:27:19',1,'','','','','',0,0,0,0,0,0,0,0),(306,'pbkdf2_sha256$100000$tKEnVZLPeFmo$uEL/JciAzHMLeW4e8kXy2X6NQOYJo60/6GIuzP0+WZo=',NULL,0,'','','dariana74@example.com',0,0,'2018-09-16 08:42:08',1116604,'quasi','TE','FEMALE','MINORITY','IT',0,9.35,0,0,0,0,0,0),(307,'pbkdf2_sha256$100000$s2ErzcQAlii0$8538ou5KuCIuhcrKxt2vHk97ewVwOS/k6/yJn9kBGtg=',NULL,0,'','','gabriella.mclaughlin@exam',0,0,'2018-09-16 08:47:25',1116611,'non','FE','FEMALE','OPEN','MECH',143,0,0,0,0,0,0,0),(308,'pbkdf2_sha256$100000$yDLbpjQZNlEm$oHFD6hXEv7Ym+lC/XkH7iN/KMKbSo2sEtRYKvBmV0ZU=',NULL,0,'','','buford44@example.org',0,0,'2018-09-16 09:01:43',1116934,'ratione','SE','FEMALE','MINORITY','MECH',0,6.43,0,0,0,0,1,11),(309,'pbkdf2_sha256$100000$BmtyVPOlc0Xk$XLr32G62uAFUQEa/rEIMp2hAwssMjJnCSja45hegdR0=',NULL,0,'','','priyankagandhi996@gmil.com',0,0,'2018-09-16 09:09:34',1116533,'aut','FE','FEMALE','MINORITY','COMP',161,0,0,0,0,0,0,0),(310,'pbkdf2_sha256$100000$5Ag53WFl5cpv$g1EGQuvkbY6YlmLr1aw8LK39I9JV6c74hCrLf6MXHAc=','2018-09-16 09:53:06',0,'','','cgawande12@gmail.com',0,1,'2018-09-16 09:48:22',1116688,'eos','FE','FEMALE','OBC','COMP',189,0,0,0,0,0,0,0),(311,'pbkdf2_sha256$100000$Ex44IkWWkSFG$wF4oEBRRJZYKObU926YEBaqsySNnmuRodjRn0AsmxbA=','2018-09-16 12:17:50',0,'','','cgawande12@gmail.com',0,1,'2018-09-16 12:15:32',1116166,'rerum','FE','FEMALE','OPEN','MECH',155,0,0,0,0,0,0,0);
/*!40000 ALTER TABLE `app1_user` ENABLE KEYS */;
UNLOCK TABLES;

--
-- Table structure for table `app1_user_groups`
--

DROP TABLE IF EXISTS `app1_user_groups`;
/*!40101 SET @saved_cs_client     = @@character_set_client */;
/*!40101 SET character_set_client = utf8 */;
CREATE TABLE `app1_user_groups` (
  `id` int(11) NOT NULL DEFAULT '0',
  `user_id` int(11) NOT NULL,
  `group_id` int(11) NOT NULL
) ENGINE=InnoDB DEFAULT CHARSET=latin1;
/*!40101 SET character_set_client = @saved_cs_client */;

--
-- Dumping data for table `app1_user_groups`
--

LOCK TABLES `app1_user_groups` WRITE;
/*!40000 ALTER TABLE `app1_user_groups` DISABLE KEYS */;
/*!40000 ALTER TABLE `app1_user_groups` ENABLE KEYS */;
UNLOCK TABLES;

--
-- Table structure for table `app1_user_user_permissions`
--

DROP TABLE IF EXISTS `app1_user_user_permissions`;
/*!40101 SET @saved_cs_client     = @@character_set_client */;
/*!40101 SET character_set_client = utf8 */;
CREATE TABLE `app1_user_user_permissions` (
  `id` int(11) NOT NULL DEFAULT '0',
  `user_id` int(11) NOT NULL,
  `permission_id` int(11) NOT NULL
) ENGINE=InnoDB DEFAULT CHARSET=latin1;
/*!40101 SET character_set_client = @saved_cs_client */;

--
-- Dumping data for table `app1_user_user_permissions`
--

LOCK TABLES `app1_user_user_permissions` WRITE;
/*!40000 ALTER TABLE `app1_user_user_permissions` DISABLE KEYS */;
/*!40000 ALTER TABLE `app1_user_user_permissions` ENABLE KEYS */;
UNLOCK TABLES;

--
-- Table structure for table `auth_group`
--

DROP TABLE IF EXISTS `auth_group`;
/*!40101 SET @saved_cs_client     = @@character_set_client */;
/*!40101 SET character_set_client = utf8 */;
CREATE TABLE `auth_group` (
  `id` int(11) NOT NULL AUTO_INCREMENT,
  `name` varchar(80) NOT NULL,
  PRIMARY KEY (`id`),
  UNIQUE KEY `name` (`name`)
) ENGINE=InnoDB DEFAULT CHARSET=latin1;
/*!40101 SET character_set_client = @saved_cs_client */;

--
-- Dumping data for table `auth_group`
--

LOCK TABLES `auth_group` WRITE;
/*!40000 ALTER TABLE `auth_group` DISABLE KEYS */;
/*!40000 ALTER TABLE `auth_group` ENABLE KEYS */;
UNLOCK TABLES;

--
-- Table structure for table `auth_group_permissions`
--

DROP TABLE IF EXISTS `auth_group_permissions`;
/*!40101 SET @saved_cs_client     = @@character_set_client */;
/*!40101 SET character_set_client = utf8 */;
CREATE TABLE `auth_group_permissions` (
  `id` int(11) NOT NULL AUTO_INCREMENT,
  `group_id` int(11) NOT NULL,
  `permission_id` int(11) NOT NULL,
  PRIMARY KEY (`id`),
  UNIQUE KEY `auth_group_permissions_group_id_permission_id_0cd325b0_uniq` (`group_id`,`permission_id`),
  KEY `auth_group_permissio_permission_id_84c5c92e_fk_auth_perm` (`permission_id`),
  CONSTRAINT `auth_group_permissio_permission_id_84c5c92e_fk_auth_perm` FOREIGN KEY (`permission_id`) REFERENCES `auth_permission` (`id`),
  CONSTRAINT `auth_group_permissions_group_id_b120cbf9_fk_auth_group_id` FOREIGN KEY (`group_id`) REFERENCES `auth_group` (`id`)
) ENGINE=InnoDB DEFAULT CHARSET=latin1;
/*!40101 SET character_set_client = @saved_cs_client */;

--
-- Dumping data for table `auth_group_permissions`
--

LOCK TABLES `auth_group_permissions` WRITE;
/*!40000 ALTER TABLE `auth_group_permissions` DISABLE KEYS */;
/*!40000 ALTER TABLE `auth_group_permissions` ENABLE KEYS */;
UNLOCK TABLES;

--
-- Table structure for table `auth_permission`
--

DROP TABLE IF EXISTS `auth_permission`;
/*!40101 SET @saved_cs_client     = @@character_set_client */;
/*!40101 SET character_set_client = utf8 */;
CREATE TABLE `auth_permission` (
  `id` int(11) NOT NULL AUTO_INCREMENT,
  `name` varchar(255) NOT NULL,
  `content_type_id` int(11) NOT NULL,
  `codename` varchar(100) NOT NULL,
  PRIMARY KEY (`id`),
  UNIQUE KEY `auth_permission_content_type_id_codename_01ab375a_uniq` (`content_type_id`,`codename`),
  CONSTRAINT `auth_permission_content_type_id_2f476e4b_fk_django_co` FOREIGN KEY (`content_type_id`) REFERENCES `django_content_type` (`id`)
) ENGINE=InnoDB AUTO_INCREMENT=79 DEFAULT CHARSET=latin1;
/*!40101 SET character_set_client = @saved_cs_client */;

--
-- Dumping data for table `auth_permission`
--

LOCK TABLES `auth_permission` WRITE;
/*!40000 ALTER TABLE `auth_permission` DISABLE KEYS */;
INSERT INTO `auth_permission` VALUES (1,'Can add log entry',1,'add_logentry'),(2,'Can change log entry',1,'change_logentry'),(3,'Can delete log entry',1,'delete_logentry'),(4,'Can add permission',2,'add_permission'),(5,'Can change permission',2,'change_permission'),(6,'Can delete permission',2,'delete_permission'),(7,'Can add group',3,'add_group'),(8,'Can change group',3,'change_group'),(9,'Can delete group',3,'delete_group'),(10,'Can add user',4,'add_user'),(11,'Can change user',4,'change_user'),(12,'Can delete user',4,'delete_user'),(13,'Can add content type',5,'add_contenttype'),(14,'Can change content type',5,'change_contenttype'),(15,'Can delete content type',5,'delete_contenttype'),(16,'Can add session',6,'add_session'),(17,'Can change session',6,'change_session'),(18,'Can delete session',6,'delete_session'),(19,'Can add coep hostel',7,'add_coephostel'),(20,'Can change coep hostel',7,'change_coephostel'),(21,'Can delete coep hostel',7,'delete_coephostel'),(22,'Can add auth group',8,'add_authgroup'),(23,'Can change auth group',8,'change_authgroup'),(24,'Can delete auth group',8,'delete_authgroup'),(25,'Can add auth group permissions',9,'add_authgrouppermissions'),(26,'Can change auth group permissions',9,'change_authgrouppermissions'),(27,'Can delete auth group permissions',9,'delete_authgrouppermissions'),(28,'Can add auth permission',10,'add_authpermission'),(29,'Can change auth permission',10,'change_authpermission'),(30,'Can delete auth permission',10,'delete_authpermission'),(31,'Can add auth user',11,'add_authuser'),(32,'Can change auth user',11,'change_authuser'),(33,'Can delete auth user',11,'delete_authuser'),(34,'Can add auth user groups',12,'add_authusergroups'),(35,'Can change auth user groups',12,'change_authusergroups'),(36,'Can delete auth user groups',12,'delete_authusergroups'),(37,'Can add auth user user permissions',13,'add_authuseruserpermissions'),(38,'Can change auth user user permissions',13,'change_authuseruserpermissions'),(39,'Can delete auth user user permissions',13,'delete_authuseruserpermissions'),(40,'Can add django admin log',14,'add_djangoadminlog'),(41,'Can change django admin log',14,'change_djangoadminlog'),(42,'Can delete django admin log',14,'delete_djangoadminlog'),(43,'Can add django content type',15,'add_djangocontenttype'),(44,'Can change django content type',15,'change_djangocontenttype'),(45,'Can delete django content type',15,'delete_djangocontenttype'),(46,'Can add django migrations',16,'add_djangomigrations'),(47,'Can change django migrations',16,'change_djangomigrations'),(48,'Can delete django migrations',16,'delete_djangomigrations'),(49,'Can add django session',17,'add_djangosession'),(50,'Can change django session',17,'change_djangosession'),(51,'Can delete django session',17,'delete_djangosession'),(52,'Can add sign up',18,'add_signup'),(53,'Can change sign up',18,'change_signup'),(54,'Can delete sign up',18,'delete_signup'),(55,'Can add user',19,'add_user'),(56,'Can change user',19,'change_user'),(57,'Can delete user',19,'delete_user'),(58,'Can add user',20,'add_user'),(59,'Can change user',20,'change_user'),(60,'Can delete user',20,'delete_user'),(61,'Can add app1 user',21,'add_app1user'),(62,'Can change app1 user',21,'change_app1user'),(63,'Can delete app1 user',21,'delete_app1user'),(64,'Can add app2 user',22,'add_app2user'),(65,'Can change app2 user',22,'change_app2user'),(66,'Can delete app2 user',22,'delete_app2user'),(67,'Can add user',23,'add_user'),(68,'Can change user',23,'change_user'),(69,'Can delete user',23,'delete_user'),(70,'Can add students user',24,'add_studentsuser'),(71,'Can change students user',24,'change_studentsuser'),(72,'Can delete students user',24,'delete_studentsuser'),(73,'Can add students user groups',25,'add_studentsusergroups'),(74,'Can change students user groups',25,'change_studentsusergroups'),(75,'Can delete students user groups',25,'delete_studentsusergroups'),(76,'Can add students user user permissions',26,'add_studentsuseruserpermissions'),(77,'Can change students user user permissions',26,'change_studentsuseruserpermissions'),(78,'Can delete students user user permissions',26,'delete_studentsuseruserpermissions');
/*!40000 ALTER TABLE `auth_permission` ENABLE KEYS */;
UNLOCK TABLES;

--
-- Table structure for table `auth_user`
--

DROP TABLE IF EXISTS `auth_user`;
/*!40101 SET @saved_cs_client     = @@character_set_client */;
/*!40101 SET character_set_client = utf8 */;
CREATE TABLE `auth_user` (
  `id` int(11) NOT NULL AUTO_INCREMENT,
  `password` varchar(128) NOT NULL,
  `last_login` datetime(6) DEFAULT NULL,
  `is_superuser` tinyint(1) NOT NULL,
  `username` varchar(150) NOT NULL,
  `first_name` varchar(30) NOT NULL,
  `last_name` varchar(150) NOT NULL,
  `email` varchar(254) NOT NULL,
  `is_staff` tinyint(1) NOT NULL,
  `is_active` tinyint(1) NOT NULL,
  `date_joined` datetime(6) NOT NULL,
  PRIMARY KEY (`id`),
  UNIQUE KEY `username` (`username`)
) ENGINE=InnoDB DEFAULT CHARSET=latin1;
/*!40101 SET character_set_client = @saved_cs_client */;

--
-- Dumping data for table `auth_user`
--

LOCK TABLES `auth_user` WRITE;
/*!40000 ALTER TABLE `auth_user` DISABLE KEYS */;
/*!40000 ALTER TABLE `auth_user` ENABLE KEYS */;
UNLOCK TABLES;

--
-- Table structure for table `auth_user_groups`
--

DROP TABLE IF EXISTS `auth_user_groups`;
/*!40101 SET @saved_cs_client     = @@character_set_client */;
/*!40101 SET character_set_client = utf8 */;
CREATE TABLE `auth_user_groups` (
  `id` int(11) NOT NULL AUTO_INCREMENT,
  `user_id` int(11) NOT NULL,
  `group_id` int(11) NOT NULL,
  PRIMARY KEY (`id`),
  UNIQUE KEY `auth_user_groups_user_id_group_id_94350c0c_uniq` (`user_id`,`group_id`),
  KEY `auth_user_groups_group_id_97559544_fk_auth_group_id` (`group_id`),
  CONSTRAINT `auth_user_groups_group_id_97559544_fk_auth_group_id` FOREIGN KEY (`group_id`) REFERENCES `auth_group` (`id`),
  CONSTRAINT `auth_user_groups_user_id_6a12ed8b_fk_auth_user_id` FOREIGN KEY (`user_id`) REFERENCES `auth_user` (`id`)
) ENGINE=InnoDB DEFAULT CHARSET=latin1;
/*!40101 SET character_set_client = @saved_cs_client */;

--
-- Dumping data for table `auth_user_groups`
--

LOCK TABLES `auth_user_groups` WRITE;
/*!40000 ALTER TABLE `auth_user_groups` DISABLE KEYS */;
/*!40000 ALTER TABLE `auth_user_groups` ENABLE KEYS */;
UNLOCK TABLES;

--
-- Table structure for table `auth_user_user_permissions`
--

DROP TABLE IF EXISTS `auth_user_user_permissions`;
/*!40101 SET @saved_cs_client     = @@character_set_client */;
/*!40101 SET character_set_client = utf8 */;
CREATE TABLE `auth_user_user_permissions` (
  `id` int(11) NOT NULL AUTO_INCREMENT,
  `user_id` int(11) NOT NULL,
  `permission_id` int(11) NOT NULL,
  PRIMARY KEY (`id`),
  UNIQUE KEY `auth_user_user_permissions_user_id_permission_id_14a6b632_uniq` (`user_id`,`permission_id`),
  KEY `auth_user_user_permi_permission_id_1fbb5f2c_fk_auth_perm` (`permission_id`),
  CONSTRAINT `auth_user_user_permi_permission_id_1fbb5f2c_fk_auth_perm` FOREIGN KEY (`permission_id`) REFERENCES `auth_permission` (`id`),
  CONSTRAINT `auth_user_user_permissions_user_id_a95ead1b_fk_auth_user_id` FOREIGN KEY (`user_id`) REFERENCES `auth_user` (`id`)
) ENGINE=InnoDB DEFAULT CHARSET=latin1;
/*!40101 SET character_set_client = @saved_cs_client */;

--
-- Dumping data for table `auth_user_user_permissions`
--

LOCK TABLES `auth_user_user_permissions` WRITE;
/*!40000 ALTER TABLE `auth_user_user_permissions` DISABLE KEYS */;
/*!40000 ALTER TABLE `auth_user_user_permissions` ENABLE KEYS */;
UNLOCK TABLES;

--
-- Table structure for table `django_admin_log`
--

DROP TABLE IF EXISTS `django_admin_log`;
/*!40101 SET @saved_cs_client     = @@character_set_client */;
/*!40101 SET character_set_client = utf8 */;
CREATE TABLE `django_admin_log` (
  `id` int(11) NOT NULL AUTO_INCREMENT,
  `action_time` datetime(6) NOT NULL,
  `object_id` longtext,
  `object_repr` varchar(200) NOT NULL,
  `action_flag` smallint(5) unsigned NOT NULL,
  `change_message` longtext NOT NULL,
  `content_type_id` int(11) DEFAULT NULL,
  `user_id` int(11) NOT NULL,
  PRIMARY KEY (`id`),
  KEY `django_admin_log_content_type_id_c4bce8eb_fk_django_co` (`content_type_id`),
  KEY `django_admin_log_user_id_c564eba6_fk_auth_user_id` (`user_id`),
  CONSTRAINT `django_admin_log_content_type_id_c4bce8eb_fk_django_co` FOREIGN KEY (`content_type_id`) REFERENCES `django_content_type` (`id`),
  CONSTRAINT `django_admin_log_user_id_c564eba6_fk_auth_user_id` FOREIGN KEY (`user_id`) REFERENCES `auth_user` (`id`)
) ENGINE=InnoDB DEFAULT CHARSET=latin1;
/*!40101 SET character_set_client = @saved_cs_client */;

--
-- Dumping data for table `django_admin_log`
--

LOCK TABLES `django_admin_log` WRITE;
/*!40000 ALTER TABLE `django_admin_log` DISABLE KEYS */;
/*!40000 ALTER TABLE `django_admin_log` ENABLE KEYS */;
UNLOCK TABLES;

--
-- Table structure for table `django_content_type`
--

DROP TABLE IF EXISTS `django_content_type`;
/*!40101 SET @saved_cs_client     = @@character_set_client */;
/*!40101 SET character_set_client = utf8 */;
CREATE TABLE `django_content_type` (
  `id` int(11) NOT NULL AUTO_INCREMENT,
  `app_label` varchar(100) NOT NULL,
  `model` varchar(100) NOT NULL,
  PRIMARY KEY (`id`),
  UNIQUE KEY `django_content_type_app_label_model_76bd3d3b_uniq` (`app_label`,`model`)
) ENGINE=InnoDB AUTO_INCREMENT=27 DEFAULT CHARSET=latin1;
/*!40101 SET character_set_client = @saved_cs_client */;

--
-- Dumping data for table `django_content_type`
--

LOCK TABLES `django_content_type` WRITE;
/*!40000 ALTER TABLE `django_content_type` DISABLE KEYS */;
INSERT INTO `django_content_type` VALUES (1,'admin','logentry'),(21,'app1','app1user'),(22,'app1','app2user'),(8,'app1','authgroup'),(9,'app1','authgrouppermissions'),(10,'app1','authpermission'),(11,'app1','authuser'),(12,'app1','authusergroups'),(13,'app1','authuseruserpermissions'),(7,'app1','coephostel'),(14,'app1','djangoadminlog'),(15,'app1','djangocontenttype'),(16,'app1','djangomigrations'),(17,'app1','djangosession'),(18,'app1','signup'),(24,'app1','studentsuser'),(25,'app1','studentsusergroups'),(26,'app1','studentsuseruserpermissions'),(19,'app1','user'),(20,'app2','user'),(3,'auth','group'),(2,'auth','permission'),(4,'auth','user'),(5,'contenttypes','contenttype'),(6,'sessions','session'),(23,'students','user');
/*!40000 ALTER TABLE `django_content_type` ENABLE KEYS */;
UNLOCK TABLES;

--
-- Table structure for table `django_migrations`
--

DROP TABLE IF EXISTS `django_migrations`;
/*!40101 SET @saved_cs_client     = @@character_set_client */;
/*!40101 SET character_set_client = utf8 */;
CREATE TABLE `django_migrations` (
  `id` int(11) NOT NULL AUTO_INCREMENT,
  `app` varchar(255) NOT NULL,
  `name` varchar(255) NOT NULL,
  `applied` datetime(6) NOT NULL,
  PRIMARY KEY (`id`)
) ENGINE=InnoDB AUTO_INCREMENT=24 DEFAULT CHARSET=latin1;
/*!40101 SET character_set_client = @saved_cs_client */;

--
-- Dumping data for table `django_migrations`
--

LOCK TABLES `django_migrations` WRITE;
/*!40000 ALTER TABLE `django_migrations` DISABLE KEYS */;
INSERT INTO `django_migrations` VALUES (1,'contenttypes','0001_initial','2018-09-02 11:46:31.556435'),(2,'auth','0001_initial','2018-09-02 11:46:38.265546'),(3,'admin','0001_initial','2018-09-02 11:46:40.067980'),(4,'admin','0002_logentry_remove_auto_add','2018-09-02 11:46:40.148931'),(5,'app1','0001_initial','2018-09-02 11:46:40.187642'),(6,'contenttypes','0002_remove_content_type_name','2018-09-02 11:46:41.018172'),(7,'auth','0002_alter_permission_name_max_length','2018-09-02 11:46:41.111172'),(8,'auth','0003_alter_user_email_max_length','2018-09-02 11:46:41.256619'),(9,'auth','0004_alter_user_username_opts','2018-09-02 11:46:41.320588'),(10,'auth','0005_alter_user_last_login_null','2018-09-02 11:46:41.801397'),(11,'auth','0006_require_contenttypes_0002','2018-09-02 11:46:41.835283'),(12,'auth','0007_alter_validators_add_error_messages','2018-09-02 11:46:41.906742'),(13,'auth','0008_alter_user_username_max_length','2018-09-02 11:46:42.072649'),(14,'auth','0009_alter_user_last_name_max_length','2018-09-02 11:46:42.207236'),(15,'sessions','0001_initial','2018-09-02 11:46:42.687116'),(16,'app1','0002_authgroup_authgrouppermissions_authpermission_authuser_authusergroups_authuseruserpermissions_django','2018-09-02 12:05:36.385345'),(17,'app1','0003_auto_20180902_1339','2018-09-02 13:39:38.647886'),(18,'app1','0002_signup','2018-09-12 14:13:37.809092'),(19,'app1','0002_app1user_app2user','2018-09-12 19:06:34.300466'),(20,'students','0001_initial','2018-09-12 19:06:38.694891'),(21,'app1','0003_auto_20180913_0444','2018-09-13 04:44:19.080985'),(22,'admin','0003_logentry_add_action_flag_choices','2018-09-16 06:39:32.371559'),(23,'admin','0004_auto_20180914_0646','2018-09-16 06:39:32.474144');
/*!40000 ALTER TABLE `django_migrations` ENABLE KEYS */;
UNLOCK TABLES;

--
-- Table structure for table `django_session`
--

DROP TABLE IF EXISTS `django_session`;
/*!40101 SET @saved_cs_client     = @@character_set_client */;
/*!40101 SET character_set_client = utf8 */;
CREATE TABLE `django_session` (
  `session_key` varchar(40) NOT NULL,
  `session_data` longtext NOT NULL,
  `expire_date` datetime(6) NOT NULL,
  PRIMARY KEY (`session_key`),
  KEY `django_session_expire_date_a5c62663` (`expire_date`)
) ENGINE=InnoDB DEFAULT CHARSET=latin1;
/*!40101 SET character_set_client = @saved_cs_client */;

--
-- Dumping data for table `django_session`
--

LOCK TABLES `django_session` WRITE;
/*!40000 ALTER TABLE `django_session` DISABLE KEYS */;
INSERT INTO `django_session` VALUES ('8ge8xz7um7v7uq1on61muqhe5wtb5gtj','NzQzNTIwNjAxMmMyYThlNzMxMDMzMGVhYWRhNGM2ZGEyN2I4ODMyMDp7Il9hdXRoX3VzZXJfaWQiOiIzMiIsIl9hdXRoX3VzZXJfYmFja2VuZCI6ImRqYW5nby5jb250cmliLmF1dGguYmFja2VuZHMuTW9kZWxCYWNrZW5kIiwiX2F1dGhfdXNlcl9oYXNoIjoiYWNlOGU5ODhkYzRjYzVhNGNlMDNlNzYzOWI4ZTEyMjUyMjM0YWRjMyJ9','2018-09-29 03:28:40.931665'),('8t9qi3esgmp6sb8fgadfknr4j4mimz7o','MGJkNTIzOThmNzM2OTVkOWViMDU2ZTVhMjJlYmYxNGMyNjY1OTZlMTp7Il9hdXRoX3VzZXJfaWQiOiI1IiwiX2F1dGhfdXNlcl9iYWNrZW5kIjoiZGphbmdvLmNvbnRyaWIuYXV0aC5iYWNrZW5kcy5Nb2RlbEJhY2tlbmQiLCJfYXV0aF91c2VyX2hhc2giOiI1MjI1YTNjYWI2ZmM0MjQ4NTNhNGU0MzIyYmRkMTFiNDU3NTQ0NzI1In0=','2018-09-26 17:04:53.148922'),('ir10rfqmwdtaofhzwijgzs4s46bspzko','NWMzZmFmZjU1MDcwNWQ0ZjViYWQwOTlhNzcyMmFlZDY1YWIxNGNhMDp7Il9hdXRoX3VzZXJfaWQiOiIzMTEiLCJfYXV0aF91c2VyX2JhY2tlbmQiOiJkamFuZ28uY29udHJpYi5hdXRoLmJhY2tlbmRzLk1vZGVsQmFja2VuZCIsIl9hdXRoX3VzZXJfaGFzaCI6IjJiMDVmODg0M2RhZWE4Mjc0N2U1ZGFkNzM5OWE0MGY1NDJjYTAxZWUifQ==','2018-09-30 12:17:49.747621'),('udxj5z03pt7gn1ehu5xerrpe5228di2c','YzFkODk1ZGQzZmI0MDUzZWZiYmY4YjYzZGIwYTMyYmE3NGNmOWRmZDp7Il9hdXRoX3VzZXJfaWQiOiIzMDIiLCJfYXV0aF91c2VyX2JhY2tlbmQiOiJkamFuZ28uY29udHJpYi5hdXRoLmJhY2tlbmRzLk1vZGVsQmFja2VuZCIsIl9hdXRoX3VzZXJfaGFzaCI6IjUwNjNmZGIyODg1OTJjMjE3YmQ0NDJkOWU0NzA4NzAyNDQ3YzBjMDgifQ==','2018-09-29 11:26:10.118372');
/*!40000 ALTER TABLE `django_session` ENABLE KEYS */;
UNLOCK TABLES;

--
-- Table structure for table `students_user`
--

DROP TABLE IF EXISTS `students_user`;
/*!40101 SET @saved_cs_client     = @@character_set_client */;
/*!40101 SET character_set_client = utf8 */;
CREATE TABLE `students_user` (
  `id` int(11) NOT NULL AUTO_INCREMENT,
  `password` varchar(128) NOT NULL,
  `last_login` datetime(6) DEFAULT NULL,
  `is_superuser` tinyint(1) NOT NULL,
  `first_name` varchar(30) NOT NULL,
  `last_name` varchar(150) NOT NULL,
  `email` varchar(254) NOT NULL,
  `is_staff` tinyint(1) NOT NULL,
  `is_active` tinyint(1) NOT NULL,
  `date_joined` datetime(6) NOT NULL,
  `username` int(11) NOT NULL,
  PRIMARY KEY (`id`),
  UNIQUE KEY `username` (`username`)
) ENGINE=InnoDB DEFAULT CHARSET=latin1;
/*!40101 SET character_set_client = @saved_cs_client */;

--
-- Dumping data for table `students_user`
--

LOCK TABLES `students_user` WRITE;
/*!40000 ALTER TABLE `students_user` DISABLE KEYS */;
/*!40000 ALTER TABLE `students_user` ENABLE KEYS */;
UNLOCK TABLES;

--
-- Table structure for table `students_user_groups`
--

DROP TABLE IF EXISTS `students_user_groups`;
/*!40101 SET @saved_cs_client     = @@character_set_client */;
/*!40101 SET character_set_client = utf8 */;
CREATE TABLE `students_user_groups` (
  `id` int(11) NOT NULL AUTO_INCREMENT,
  `user_id` int(11) NOT NULL,
  `group_id` int(11) NOT NULL,
  PRIMARY KEY (`id`),
  UNIQUE KEY `students_user_groups_user_id_group_id_52991e0a_uniq` (`user_id`,`group_id`),
  KEY `students_user_groups_group_id_a5979b72_fk_auth_group_id` (`group_id`),
  CONSTRAINT `students_user_groups_group_id_a5979b72_fk_auth_group_id` FOREIGN KEY (`group_id`) REFERENCES `auth_group` (`id`),
  CONSTRAINT `students_user_groups_user_id_91ce9bf6_fk_students_user_id` FOREIGN KEY (`user_id`) REFERENCES `students_user` (`id`)
) ENGINE=InnoDB DEFAULT CHARSET=latin1;
/*!40101 SET character_set_client = @saved_cs_client */;

--
-- Dumping data for table `students_user_groups`
--

LOCK TABLES `students_user_groups` WRITE;
/*!40000 ALTER TABLE `students_user_groups` DISABLE KEYS */;
/*!40000 ALTER TABLE `students_user_groups` ENABLE KEYS */;
UNLOCK TABLES;

--
-- Table structure for table `students_user_user_permissions`
--

DROP TABLE IF EXISTS `students_user_user_permissions`;
/*!40101 SET @saved_cs_client     = @@character_set_client */;
/*!40101 SET character_set_client = utf8 */;
CREATE TABLE `students_user_user_permissions` (
  `id` int(11) NOT NULL AUTO_INCREMENT,
  `user_id` int(11) NOT NULL,
  `permission_id` int(11) NOT NULL,
  PRIMARY KEY (`id`),
  UNIQUE KEY `students_user_user_permi_user_id_permission_id_957f80d4_uniq` (`user_id`,`permission_id`),
  KEY `students_user_user_p_permission_id_81cabfee_fk_auth_perm` (`permission_id`),
  CONSTRAINT `students_user_user_p_permission_id_81cabfee_fk_auth_perm` FOREIGN KEY (`permission_id`) REFERENCES `auth_permission` (`id`),
  CONSTRAINT `students_user_user_p_user_id_4aa89a1c_fk_students_` FOREIGN KEY (`user_id`) REFERENCES `students_user` (`id`)
) ENGINE=InnoDB DEFAULT CHARSET=latin1;
/*!40101 SET character_set_client = @saved_cs_client */;

--
-- Dumping data for table `students_user_user_permissions`
--

LOCK TABLES `students_user_user_permissions` WRITE;
/*!40000 ALTER TABLE `students_user_user_permissions` DISABLE KEYS */;
/*!40000 ALTER TABLE `students_user_user_permissions` ENABLE KEYS */;
UNLOCK TABLES;
/*!40103 SET TIME_ZONE=@OLD_TIME_ZONE */;

/*!40101 SET SQL_MODE=@OLD_SQL_MODE */;
/*!40014 SET FOREIGN_KEY_CHECKS=@OLD_FOREIGN_KEY_CHECKS */;
/*!40014 SET UNIQUE_CHECKS=@OLD_UNIQUE_CHECKS */;
/*!40101 SET CHARACTER_SET_CLIENT=@OLD_CHARACTER_SET_CLIENT */;
/*!40101 SET CHARACTER_SET_RESULTS=@OLD_CHARACTER_SET_RESULTS */;
/*!40101 SET COLLATION_CONNECTION=@OLD_COLLATION_CONNECTION */;
/*!40111 SET SQL_NOTES=@OLD_SQL_NOTES */;

-- Dump completed on 2018-09-17 19:08:29
